/*
Navicat MySQL Data Transfer

Source Server         : localhost_3306
Source Server Version : 50611
Source Host           : localhost:3306
Source Database       : musicpage

Target Server Type    : MYSQL
Target Server Version : 50611
File Encoding         : 65001

Date: 2013-06-02 00:31:06
*/

SET FOREIGN_KEY_CHECKS=0;

-- ----------------------------
-- Table structure for `album`
-- ----------------------------
DROP TABLE IF EXISTS `album`;
CREATE TABLE `album` (
  `id` int(11) NOT NULL AUTO_INCREMENT,
  `title` varchar(555) NOT NULL,
  `source` varchar(555) NOT NULL,
  `sourceType` varchar(555) NOT NULL,
  `description` varchar(5555) DEFAULT NULL,
  `createdTime` date NOT NULL,
  `modifyTime` date NOT NULL,
  PRIMARY KEY (`id`),
  KEY `indexit` (`source`(255),`id`) USING BTREE
) ENGINE=InnoDB AUTO_INCREMENT=107 DEFAULT CHARSET=utf8;

-- ----------------------------
-- Records of album
-- ----------------------------
INSERT INTO `album` VALUES ('31', 'Gangnam Style - PSY ', 'http://playlist.chiasenhac.com/nhac-hot/gangnam-style~psy~1015379.html', 'chiasenhac', null, '2013-06-02', '2013-06-02');
INSERT INTO `album` VALUES ('32', 'Nô Lệ Tình Yêu - Hồ Việt Trung ', 'http://playlist.chiasenhac.com/nhac-hot/no-le-tinh-yeu~ho-viet-trung~1065751.html', 'chiasenhac', null, '2013-06-02', '2013-06-02');
INSERT INTO `album` VALUES ('33', 'Chuyện Tình Trên Facebook - Hồ Việt Trung ', 'http://playlist.chiasenhac.com/nhac-hot/chuyen-tinh-tren-facebook~ho-viet-trung~1090905.html', 'chiasenhac', null, '2013-06-02', '2013-06-02');
INSERT INTO `album` VALUES ('34', 'Wolf (Korean Version) - EXO-K ', 'http://playlist.chiasenhac.com/nhac-hot/wolf-korean-version~exo-k~1096565.html', 'chiasenhac', null, '2013-06-02', '2013-06-02');
INSERT INTO `album` VALUES ('35', 'Người Tôi Yêu - Chi Dân ', 'http://playlist.chiasenhac.com/nhac-hot/nguoi-toi-yeu~chi-dan~1076736.html', 'chiasenhac', null, '2013-06-02', '2013-06-02');
INSERT INTO `album` VALUES ('36', 'Vì Em Quá Yêu Anh - Mỹ Tâm ', 'http://playlist.chiasenhac.com/nhac-hot/vi-em-qua-yeu-anh~my-tam~1076075.html', 'chiasenhac', null, '2013-06-02', '2013-06-02');
INSERT INTO `album` VALUES ('37', 'Em Không Quay Về - Yanbi; Hoàng Tôn ', 'http://playlist.chiasenhac.com/nhac-hot/em-khong-quay-ve~yanbi-hoang-ton~1096075.html', 'chiasenhac', null, '2013-06-02', '2013-06-02');
INSERT INTO `album` VALUES ('38', 'Lặng Thầm Yêu - Miu Lê ', 'http://playlist.chiasenhac.com/nhac-hot/lang-tham-yeu~miu-le~1031185.html', 'chiasenhac', null, '2013-06-02', '2013-06-02');
INSERT INTO `album` VALUES ('39', 'Người Tôi Yêu - Chi Dân ', 'http://playlist.chiasenhac.com/nhac-hot/nguoi-toi-yeu~chi-dan~92023.html', 'chiasenhac', null, '2013-06-02', '2013-06-02');
INSERT INTO `album` VALUES ('40', 'Người Ấy - Trịnh Thăng Bình ', 'http://playlist.chiasenhac.com/nhac-hot/nguoi-ay~trinh-thang-binh~1058969.html', 'chiasenhac', null, '2013-06-02', '2013-06-02');
INSERT INTO `album` VALUES ('41', 'Hối Tiếc Muộn Màng - Châu Khải Phong ', 'http://playlist.chiasenhac.com/nhac-hot/hoi-tiec-muon-mang~chau-khai-phong~93408.html', 'chiasenhac', null, '2013-06-02', '2013-06-02');
INSERT INTO `album` VALUES ('42', 'Lắng Nghe Nước Mắt - Mr Siro ', 'http://playlist.chiasenhac.com/nhac-hot/lang-nghe-nuoc-mat~mr-siro~1062219.html', 'chiasenhac', null, '2013-06-02', '2013-06-02');
INSERT INTO `album` VALUES ('43', 'Chờ Ngày Mưa Tan - Noo Phước Thịnh; Tonny Việt ', 'http://playlist.chiasenhac.com/nhac-hot/cho-ngay-mua-tan~noo-phuoc-thinh-tonny-viet~93088.html', 'chiasenhac', null, '2013-06-02', '2013-06-02');
INSERT INTO `album` VALUES ('44', 'Học Cách Đi Một Mình - Lương Bích Hữu ', 'http://playlist.chiasenhac.com/nhac-hot/hoc-cach-di-mot-minh~luong-bich-huu~1069715.html', 'chiasenhac', null, '2013-06-02', '2013-06-02');
INSERT INTO `album` VALUES ('45', 'Anh Nhớ Em - Tuấn Hưng ', 'http://playlist.chiasenhac.com/nhac-hot/anh-nho-em~tuan-hung~1067021.html', 'chiasenhac', null, '2013-06-02', '2013-06-02');
INSERT INTO `album` VALUES ('46', 'Ngày Ấy Bạn Và Tôi - Lynk Lee ', 'http://playlist.chiasenhac.com/nhac-hot/ngay-ay-ban-va-toi~lynk-lee~1026108.html', 'chiasenhac', null, '2013-06-02', '2013-06-02');
INSERT INTO `album` VALUES ('47', 'Nhớ Ơn Bác - Various Artists ', 'http://playlist.chiasenhac.com/nghe-album/nho-on-bac~various-artists~1097453.html', 'chiasenhac', null, '2013-06-02', '2013-06-02');
INSERT INTO `album` VALUES ('48', 'Đưa Cơm Cho Mẹ Đi Cày - Various Artists ', 'http://playlist.chiasenhac.com/nghe-album/dua-com-cho-me-di-cay~various-artists~1097440.html', 'chiasenhac', null, '2013-06-02', '2013-06-02');
INSERT INTO `album` VALUES ('49', 'When I Close My Eyes (Aly; Fila Remix) - Alex M.O.R.P.H.; Hannah ', 'http://playlist.chiasenhac.com/nghe-album/when-i-close-my-eyes-aly-fila-remix~alex-morph-hannah~1097107.html', 'chiasenhac', null, '2013-06-02', '2013-06-02');
INSERT INTO `album` VALUES ('50', 'Nghìn Trùng Xa Cách - Lệ Thu ', 'http://playlist.chiasenhac.com/nghe-album/nghin-trung-xa-cach~le-thu~1096580.html', 'chiasenhac', null, '2013-06-02', '2013-06-02');
INSERT INTO `album` VALUES ('51', 'Ai Yêu Bác Hồ Chí Minh Hơn Thiếu Niên Nhi Đồng - Various Artists ', 'http://playlist.chiasenhac.com/nghe-album/ai-yeu-bac-ho-chi-minh-hon-thieu-nien-nhi-dong~various-artists~1097412.html', 'chiasenhac', null, '2013-06-02', '2013-06-02');
INSERT INTO `album` VALUES ('52', 'Khăn Quàng Thắm Vai Em - Various Artists ', 'http://playlist.chiasenhac.com/nghe-album/khan-quang-tham-vai-em~various-artists~1097385.html', 'chiasenhac', null, '2013-06-02', '2013-06-02');
INSERT INTO `album` VALUES ('53', 'Ngậm Ngùi - Lệ Thu ', 'http://playlist.chiasenhac.com/nghe-album/ngam-ngui~le-thu~1096553.html', 'chiasenhac', null, '2013-06-02', '2013-06-02');
INSERT INTO `album` VALUES ('54', 'Pride - Leanne Mitchell ', 'http://playlist.chiasenhac.com/nghe-album/pride~leanne-mitchell~1096057.html', 'chiasenhac', null, '2013-06-02', '2013-06-02');
INSERT INTO `album` VALUES ('55', 'Vòng Quay Kỷ Niệm - Tam Ca 3A ', 'http://playlist.chiasenhac.com/nghe-album/vong-quay-ky-niem~tam-ca-3a~1097298.html', 'chiasenhac', null, '2013-06-02', '2013-06-02');
INSERT INTO `album` VALUES ('56', 'Người Về Từ Lòng Đất - Bảo Yến ', 'http://playlist.chiasenhac.com/nghe-album/nguoi-ve-tu-long-dat~bao-yen~1097286.html', 'chiasenhac', null, '2013-06-02', '2013-06-02');
INSERT INTO `album` VALUES ('57', 'Ball - T.I.; Lil Wayne ', 'http://playlist.chiasenhac.com/nghe-album/ball~ti-lil-wayne~1095762.html', 'chiasenhac', null, '2013-06-02', '2013-06-02');
INSERT INTO `album` VALUES ('58', 'Agua De Beber (Water To Drink) - Sophie Milman ', 'http://playlist.chiasenhac.com/nghe-album/agua-de-beber-water-to-drink~sophie-milman~1095314.html', 'chiasenhac', null, '2013-06-02', '2013-06-02');
INSERT INTO `album` VALUES ('59', 'Lời Giới Thiệu: Những Điều Thầy Chưa Kể - Various Artists ', 'http://playlist.chiasenhac.com/nghe-album/loi-gioi-thieu-nhung-dieu-thay-chua-ke~various-artists~1097263.html', 'chiasenhac', null, '2013-06-02', '2013-06-02');
INSERT INTO `album` VALUES ('60', 'Quê Hương - Cẩm Ly ', 'http://playlist.chiasenhac.com/nghe-album/que-huong~cam-ly~1096631.html', 'chiasenhac', null, '2013-06-02', '2013-06-02');
INSERT INTO `album` VALUES ('61', 'Release Me (Original Mix) - Datsik ', 'http://playlist.chiasenhac.com/nghe-album/release-me-original-mix~datsik~1094713.html', 'chiasenhac', null, '2013-06-02', '2013-06-02');
INSERT INTO `album` VALUES ('62', 'For Broken Words - Dark Tranquillity ', 'http://playlist.chiasenhac.com/nghe-album/for-broken-words~dark-tranquillity~1094558.html', 'chiasenhac', null, '2013-06-02', '2013-06-02');
INSERT INTO `album` VALUES ('63', 'Kalki - E. S. Posthumus ', 'http://playlist.chiasenhac.com/nghe-album/kalki~e-s-posthumus~1096502.html', 'chiasenhac', null, '2013-06-02', '2013-06-02');
INSERT INTO `album` VALUES ('64', 'Ashielf Pi - E.S. Posthumus ', 'http://playlist.chiasenhac.com/nghe-album/ashielf-pi~es-posthumus~1096487.html', 'chiasenhac', null, '2013-06-02', '2013-06-02');
INSERT INTO `album` VALUES ('65', 'Countryside Life - T-ara N4 ', 'http://playlist.chiasenhac.com/nghe-album/countryside-life~t-ara-n4~1094403.html', 'chiasenhac', null, '2013-06-02', '2013-06-02');
INSERT INTO `album` VALUES ('66', 'Sẽ Thôi Chờ Mong - Đào Bá Lộc ', 'http://playlist.chiasenhac.com/nghe-album/se-thoi-cho-mong~dao-ba-loc~1094190.html', 'chiasenhac', null, '2013-06-02', '2013-06-02');
INSERT INTO `album` VALUES ('67', 'Love The Way You Lie (Part II) - Eminem; Rihanna ', 'http://playlist.chiasenhac.com/nhac-hot/love-the-way-you-lie-part-ii~eminem-rihanna~1003112.html', 'chiasenhac', null, '2013-06-02', '2013-06-02');
INSERT INTO `album` VALUES ('68', 'Pretty Boy - M2M ', 'http://playlist.chiasenhac.com/nhac-hot/pretty-boy~m2m~1001820.html', 'chiasenhac', null, '2013-06-02', '2013-06-02');
INSERT INTO `album` VALUES ('69', 'Yesterday Once More - The Carpenters ', 'http://playlist.chiasenhac.com/nhac-hot/yesterday-once-more~the-carpenters~1006496.html', 'chiasenhac', null, '2013-06-02', '2013-06-02');
INSERT INTO `album` VALUES ('70', 'I Like It - Enrique Iglesias; Pitbull ', 'http://playlist.chiasenhac.com/nhac-hot/i-like-it~enrique-iglesias-pitbull~1003850.html', 'chiasenhac', null, '2013-06-02', '2013-06-02');
INSERT INTO `album` VALUES ('71', '25 Minutes - Michael Learns To Rock ', 'http://playlist.chiasenhac.com/nhac-hot/25-minutes~michael-learns-to-rock~1000954.html', 'chiasenhac', null, '2013-06-02', '2013-06-02');
INSERT INTO `album` VALUES ('72', 'The Day You Went Away - M2M ', 'http://playlist.chiasenhac.com/nhac-hot/the-day-you-went-away~m2m~1001817.html', 'chiasenhac', null, '2013-06-02', '2013-06-02');
INSERT INTO `album` VALUES ('73', 'Just Give Me A Reason - Pink; Nate Ruess ', 'http://playlist.chiasenhac.com/nhac-hot/just-give-me-a-reason~pink-nate-ruess~1061632.html', 'chiasenhac', null, '2013-06-02', '2013-06-02');
INSERT INTO `album` VALUES ('74', 'Until You - Shayne Ward ', 'http://playlist.chiasenhac.com/nhac-hot/until-you~shayne-ward~1001808.html', 'chiasenhac', null, '2013-06-02', '2013-06-02');
INSERT INTO `album` VALUES ('75', 'Hero - Enrique Iglesias ', 'http://playlist.chiasenhac.com/nhac-hot/hero~enrique-iglesias~1000919.html', 'chiasenhac', null, '2013-06-02', '2013-06-02');
INSERT INTO `album` VALUES ('76', 'One More Night - Maroon 5 ', 'http://playlist.chiasenhac.com/nhac-hot/one-more-night~maroon-5~1007207.html', 'chiasenhac', null, '2013-06-02', '2013-06-02');
INSERT INTO `album` VALUES ('77', 'Điều Đó Không Dễ Dàng - Địa Hải ', 'http://playlist.chiasenhac.com/nghe-album/dieu-do-khong-de-dang~dia-hai~1096517.html', 'chiasenhac', null, '2013-06-02', '2013-06-02');
INSERT INTO `album` VALUES ('78', 'Gangnam Style - PSY ', 'http://playlist.chiasenhac.com/nhac-hot-today/gangnam-style~psy~1015379.html', 'chiasenhac', null, '2013-06-02', '2013-06-02');
INSERT INTO `album` VALUES ('79', 'Nô Lệ Tình Yêu - Hồ Việt Trung ', 'http://playlist.chiasenhac.com/nhac-hot-today/no-le-tinh-yeu~ho-viet-trung~1065751.html', 'chiasenhac', null, '2013-06-02', '2013-06-02');
INSERT INTO `album` VALUES ('80', 'Chuyện Tình Trên Facebook - Hồ Việt Trung ', 'http://playlist.chiasenhac.com/nhac-hot-today/chuyen-tinh-tren-facebook~ho-viet-trung~1090905.html', 'chiasenhac', null, '2013-06-02', '2013-06-02');
INSERT INTO `album` VALUES ('81', 'Wolf (Korean Version) - EXO-K ', 'http://playlist.chiasenhac.com/nhac-hot-today/wolf-korean-version~exo-k~1096565.html', 'chiasenhac', null, '2013-06-02', '2013-06-02');
INSERT INTO `album` VALUES ('82', 'Người Tôi Yêu - Chi Dân ', 'http://playlist.chiasenhac.com/nhac-hot-today/nguoi-toi-yeu~chi-dan~1076736.html', 'chiasenhac', null, '2013-06-02', '2013-06-02');
INSERT INTO `album` VALUES ('83', 'Vì Em Quá Yêu Anh - Mỹ Tâm ', 'http://playlist.chiasenhac.com/nhac-hot-today/vi-em-qua-yeu-anh~my-tam~1076075.html', 'chiasenhac', null, '2013-06-02', '2013-06-02');
INSERT INTO `album` VALUES ('84', 'Gentleman - PSY ', 'http://playlist.chiasenhac.com/nhac-hot-today/gentleman~psy~1081483.html', 'chiasenhac', null, '2013-06-02', '2013-06-02');
INSERT INTO `album` VALUES ('85', 'Nhốt Em Vào Tim - Hồ Việt Trung ', 'http://playlist.chiasenhac.com/nhac-hot-today/nhot-em-vao-tim~ho-viet-trung~1043654.html', 'chiasenhac', null, '2013-06-02', '2013-06-02');
INSERT INTO `album` VALUES ('86', 'Người Quan Trọng Nhất - Hồ Việt Trung ', 'http://playlist.chiasenhac.com/nhac-hot-today/nguoi-quan-trong-nhat~ho-viet-trung~1095225.html', 'chiasenhac', null, '2013-06-02', '2013-06-02');
INSERT INTO `album` VALUES ('87', 'Anh Nhớ Em - Tuấn Hưng ', 'http://playlist.chiasenhac.com/nhac-hot-today/anh-nho-em~tuan-hung~1068774.html', 'chiasenhac', null, '2013-06-02', '2013-06-02');
INSERT INTO `album` VALUES ('88', 'Wolf (Chinese Version) - EXO-M ', 'http://playlist.chiasenhac.com/nhac-hot-today/wolf-chinese-version~exo-m~1096564.html', 'chiasenhac', null, '2013-06-02', '2013-06-02');
INSERT INTO `album` VALUES ('89', 'Lặng Thầm Yêu - Miu Lê ', 'http://playlist.chiasenhac.com/nhac-hot-today/lang-tham-yeu~miu-le~1092110.html', 'chiasenhac', null, '2013-06-02', '2013-06-02');
INSERT INTO `album` VALUES ('90', 'Sầu Tím Thiệp Hồng - Quang Lê; Lệ Quyên ', 'http://playlist.chiasenhac.com/nhac-hot-today/sau-tim-thiep-hong~quang-le-le-quyen~1049724.html', 'chiasenhac', null, '2013-06-02', '2013-06-02');
INSERT INTO `album` VALUES ('91', 'Countryside Life (Dance Version) - T-ARA N4 ', 'http://playlist.chiasenhac.com/nhac-hot-today/countryside-life-dance-version~t-ara-n4~1087387.html', 'chiasenhac', null, '2013-06-02', '2013-06-02');
INSERT INTO `album` VALUES ('92', 'Chờ Người Nơi Ấy - Uyên Linh ', 'http://playlist.chiasenhac.com/nhac-hot-today/cho-nguoi-noi-ay~uyen-linh~1065044.html', 'chiasenhac', null, '2013-06-02', '2013-06-02');
INSERT INTO `album` VALUES ('93', 'Tạm Biệt Nhé - Lynk Lee; Phúc Bằng ', 'http://playlist.chiasenhac.com/nhac-hot-today/tam-biet-nhe~lynk-lee-phuc-bang~1061573.html', 'chiasenhac', null, '2013-06-02', '2013-06-02');
INSERT INTO `album` VALUES ('94', 'Chờ Ngày Mưa Tan - Noo Phước Thịnh ', 'http://playlist.chiasenhac.com/nhac-hot-today/cho-ngay-mua-tan~noo-phuoc-thinh~1078271.html', 'chiasenhac', null, '2013-06-02', '2013-06-02');
INSERT INTO `album` VALUES ('95', 'Em Không Quay Về - Yanbi; Hoàng Tôn ', 'http://playlist.chiasenhac.com/nhac-hot-today/em-khong-quay-ve~yanbi-hoang-ton~1096075.html', 'chiasenhac', null, '2013-06-02', '2013-06-02');
INSERT INTO `album` VALUES ('96', 'Lặng Thầm Yêu - Miu Lê ', 'http://playlist.chiasenhac.com/nhac-hot-today/lang-tham-yeu~miu-le~1031185.html', 'chiasenhac', null, '2013-06-02', '2013-06-02');
INSERT INTO `album` VALUES ('97', 'Người Tôi Yêu - Chi Dân ', 'http://playlist.chiasenhac.com/nhac-hot-today/nguoi-toi-yeu~chi-dan~92023.html', 'chiasenhac', null, '2013-06-02', '2013-06-02');
INSERT INTO `album` VALUES ('98', 'Người Ấy - Trịnh Thăng Bình ', 'http://playlist.chiasenhac.com/nhac-hot-today/nguoi-ay~trinh-thang-binh~1058969.html', 'chiasenhac', null, '2013-06-02', '2013-06-02');
INSERT INTO `album` VALUES ('99', 'Hối Tiếc Muộn Màng - Châu Khải Phong ', 'http://playlist.chiasenhac.com/nhac-hot-today/hoi-tiec-muon-mang~chau-khai-phong~93408.html', 'chiasenhac', null, '2013-06-02', '2013-06-02');
INSERT INTO `album` VALUES ('100', 'Lắng Nghe Nước Mắt - Mr Siro ', 'http://playlist.chiasenhac.com/nhac-hot-today/lang-nghe-nuoc-mat~mr-siro~1062219.html', 'chiasenhac', null, '2013-06-02', '2013-06-02');
INSERT INTO `album` VALUES ('101', 'Chờ Ngày Mưa Tan - Noo Phước Thịnh; Tonny Việt ', 'http://playlist.chiasenhac.com/nhac-hot-today/cho-ngay-mua-tan~noo-phuoc-thinh-tonny-viet~93088.html', 'chiasenhac', null, '2013-06-02', '2013-06-02');
INSERT INTO `album` VALUES ('102', 'Học Cách Đi Một Mình - Lương Bích Hữu ', 'http://playlist.chiasenhac.com/nhac-hot-today/hoc-cach-di-mot-minh~luong-bich-huu~1069715.html', 'chiasenhac', null, '2013-06-02', '2013-06-02');
INSERT INTO `album` VALUES ('103', 'Anh Nhớ Em - Tuấn Hưng ', 'http://playlist.chiasenhac.com/nhac-hot-today/anh-nho-em~tuan-hung~1067021.html', 'chiasenhac', null, '2013-06-02', '2013-06-02');
INSERT INTO `album` VALUES ('104', 'Ngày Ấy Bạn Và Tôi - Lynk Lee ', 'http://playlist.chiasenhac.com/nhac-hot-today/ngay-ay-ban-va-toi~lynk-lee~1026108.html', 'chiasenhac', null, '2013-06-02', '2013-06-02');
INSERT INTO `album` VALUES ('105', 'Ngàn Nỗi Nhớ Gửi Đến Em - The Men ', 'http://playlist.chiasenhac.com/nhac-hot-today/ngan-noi-nho-gui-den-em~the-men~1085329.html', 'chiasenhac', null, '2013-06-02', '2013-06-02');
INSERT INTO `album` VALUES ('106', 'Không Cảm Xúc - Hồ Quang Hiếu ', 'http://playlist.chiasenhac.com/nhac-hot-today/khong-cam-xuc~ho-quang-hieu~1080530.html', 'chiasenhac', null, '2013-06-02', '2013-06-02');

-- ----------------------------
-- Table structure for `albumsong`
-- ----------------------------
DROP TABLE IF EXISTS `albumsong`;
CREATE TABLE `albumsong` (
  `idAlbum` int(11) NOT NULL,
  `idSong` int(11) NOT NULL,
  PRIMARY KEY (`idAlbum`,`idSong`),
  KEY `indexit` (`idAlbum`,`idSong`) USING BTREE
) ENGINE=InnoDB DEFAULT CHARSET=utf8;

-- ----------------------------
-- Records of albumsong
-- ----------------------------
INSERT INTO `albumsong` VALUES ('2', '1');
INSERT INTO `albumsong` VALUES ('31', '176');
INSERT INTO `albumsong` VALUES ('31', '177');
INSERT INTO `albumsong` VALUES ('31', '178');
INSERT INTO `albumsong` VALUES ('31', '179');
INSERT INTO `albumsong` VALUES ('31', '180');
INSERT INTO `albumsong` VALUES ('31', '181');
INSERT INTO `albumsong` VALUES ('31', '182');
INSERT INTO `albumsong` VALUES ('31', '183');
INSERT INTO `albumsong` VALUES ('31', '184');
INSERT INTO `albumsong` VALUES ('31', '185');
INSERT INTO `albumsong` VALUES ('32', '176');
INSERT INTO `albumsong` VALUES ('32', '177');
INSERT INTO `albumsong` VALUES ('32', '178');
INSERT INTO `albumsong` VALUES ('32', '179');
INSERT INTO `albumsong` VALUES ('32', '180');
INSERT INTO `albumsong` VALUES ('32', '181');
INSERT INTO `albumsong` VALUES ('32', '182');
INSERT INTO `albumsong` VALUES ('32', '183');
INSERT INTO `albumsong` VALUES ('32', '184');
INSERT INTO `albumsong` VALUES ('32', '185');
INSERT INTO `albumsong` VALUES ('33', '176');
INSERT INTO `albumsong` VALUES ('33', '177');
INSERT INTO `albumsong` VALUES ('33', '178');
INSERT INTO `albumsong` VALUES ('33', '179');
INSERT INTO `albumsong` VALUES ('33', '180');
INSERT INTO `albumsong` VALUES ('33', '181');
INSERT INTO `albumsong` VALUES ('33', '182');
INSERT INTO `albumsong` VALUES ('33', '183');
INSERT INTO `albumsong` VALUES ('33', '184');
INSERT INTO `albumsong` VALUES ('33', '185');
INSERT INTO `albumsong` VALUES ('34', '176');
INSERT INTO `albumsong` VALUES ('34', '177');
INSERT INTO `albumsong` VALUES ('34', '178');
INSERT INTO `albumsong` VALUES ('34', '179');
INSERT INTO `albumsong` VALUES ('34', '180');
INSERT INTO `albumsong` VALUES ('34', '181');
INSERT INTO `albumsong` VALUES ('34', '182');
INSERT INTO `albumsong` VALUES ('34', '183');
INSERT INTO `albumsong` VALUES ('34', '184');
INSERT INTO `albumsong` VALUES ('34', '185');
INSERT INTO `albumsong` VALUES ('35', '176');
INSERT INTO `albumsong` VALUES ('35', '177');
INSERT INTO `albumsong` VALUES ('35', '178');
INSERT INTO `albumsong` VALUES ('35', '179');
INSERT INTO `albumsong` VALUES ('35', '180');
INSERT INTO `albumsong` VALUES ('35', '181');
INSERT INTO `albumsong` VALUES ('35', '182');
INSERT INTO `albumsong` VALUES ('35', '183');
INSERT INTO `albumsong` VALUES ('35', '184');
INSERT INTO `albumsong` VALUES ('35', '185');
INSERT INTO `albumsong` VALUES ('36', '176');
INSERT INTO `albumsong` VALUES ('36', '177');
INSERT INTO `albumsong` VALUES ('36', '178');
INSERT INTO `albumsong` VALUES ('36', '179');
INSERT INTO `albumsong` VALUES ('36', '180');
INSERT INTO `albumsong` VALUES ('36', '181');
INSERT INTO `albumsong` VALUES ('36', '182');
INSERT INTO `albumsong` VALUES ('36', '183');
INSERT INTO `albumsong` VALUES ('36', '184');
INSERT INTO `albumsong` VALUES ('36', '185');
INSERT INTO `albumsong` VALUES ('37', '186');
INSERT INTO `albumsong` VALUES ('37', '187');
INSERT INTO `albumsong` VALUES ('37', '188');
INSERT INTO `albumsong` VALUES ('37', '189');
INSERT INTO `albumsong` VALUES ('37', '190');
INSERT INTO `albumsong` VALUES ('37', '191');
INSERT INTO `albumsong` VALUES ('37', '192');
INSERT INTO `albumsong` VALUES ('37', '193');
INSERT INTO `albumsong` VALUES ('37', '194');
INSERT INTO `albumsong` VALUES ('37', '195');
INSERT INTO `albumsong` VALUES ('37', '196');
INSERT INTO `albumsong` VALUES ('37', '197');
INSERT INTO `albumsong` VALUES ('37', '198');
INSERT INTO `albumsong` VALUES ('37', '199');
INSERT INTO `albumsong` VALUES ('37', '200');
INSERT INTO `albumsong` VALUES ('37', '201');
INSERT INTO `albumsong` VALUES ('37', '202');
INSERT INTO `albumsong` VALUES ('37', '203');
INSERT INTO `albumsong` VALUES ('37', '204');
INSERT INTO `albumsong` VALUES ('37', '205');
INSERT INTO `albumsong` VALUES ('38', '186');
INSERT INTO `albumsong` VALUES ('38', '187');
INSERT INTO `albumsong` VALUES ('38', '188');
INSERT INTO `albumsong` VALUES ('38', '189');
INSERT INTO `albumsong` VALUES ('38', '190');
INSERT INTO `albumsong` VALUES ('38', '191');
INSERT INTO `albumsong` VALUES ('38', '192');
INSERT INTO `albumsong` VALUES ('38', '193');
INSERT INTO `albumsong` VALUES ('38', '194');
INSERT INTO `albumsong` VALUES ('38', '195');
INSERT INTO `albumsong` VALUES ('38', '196');
INSERT INTO `albumsong` VALUES ('38', '197');
INSERT INTO `albumsong` VALUES ('38', '198');
INSERT INTO `albumsong` VALUES ('38', '199');
INSERT INTO `albumsong` VALUES ('38', '200');
INSERT INTO `albumsong` VALUES ('38', '201');
INSERT INTO `albumsong` VALUES ('38', '202');
INSERT INTO `albumsong` VALUES ('38', '203');
INSERT INTO `albumsong` VALUES ('38', '204');
INSERT INTO `albumsong` VALUES ('38', '205');
INSERT INTO `albumsong` VALUES ('39', '186');
INSERT INTO `albumsong` VALUES ('39', '187');
INSERT INTO `albumsong` VALUES ('39', '188');
INSERT INTO `albumsong` VALUES ('39', '189');
INSERT INTO `albumsong` VALUES ('39', '190');
INSERT INTO `albumsong` VALUES ('39', '191');
INSERT INTO `albumsong` VALUES ('39', '192');
INSERT INTO `albumsong` VALUES ('39', '193');
INSERT INTO `albumsong` VALUES ('39', '194');
INSERT INTO `albumsong` VALUES ('39', '195');
INSERT INTO `albumsong` VALUES ('39', '196');
INSERT INTO `albumsong` VALUES ('39', '197');
INSERT INTO `albumsong` VALUES ('39', '198');
INSERT INTO `albumsong` VALUES ('39', '199');
INSERT INTO `albumsong` VALUES ('39', '200');
INSERT INTO `albumsong` VALUES ('39', '201');
INSERT INTO `albumsong` VALUES ('39', '202');
INSERT INTO `albumsong` VALUES ('39', '203');
INSERT INTO `albumsong` VALUES ('39', '204');
INSERT INTO `albumsong` VALUES ('39', '205');
INSERT INTO `albumsong` VALUES ('40', '186');
INSERT INTO `albumsong` VALUES ('40', '187');
INSERT INTO `albumsong` VALUES ('40', '188');
INSERT INTO `albumsong` VALUES ('40', '189');
INSERT INTO `albumsong` VALUES ('40', '190');
INSERT INTO `albumsong` VALUES ('40', '191');
INSERT INTO `albumsong` VALUES ('40', '192');
INSERT INTO `albumsong` VALUES ('40', '193');
INSERT INTO `albumsong` VALUES ('40', '194');
INSERT INTO `albumsong` VALUES ('40', '195');
INSERT INTO `albumsong` VALUES ('40', '196');
INSERT INTO `albumsong` VALUES ('40', '197');
INSERT INTO `albumsong` VALUES ('40', '198');
INSERT INTO `albumsong` VALUES ('40', '199');
INSERT INTO `albumsong` VALUES ('40', '200');
INSERT INTO `albumsong` VALUES ('40', '201');
INSERT INTO `albumsong` VALUES ('40', '202');
INSERT INTO `albumsong` VALUES ('40', '203');
INSERT INTO `albumsong` VALUES ('40', '204');
INSERT INTO `albumsong` VALUES ('40', '205');
INSERT INTO `albumsong` VALUES ('41', '186');
INSERT INTO `albumsong` VALUES ('41', '187');
INSERT INTO `albumsong` VALUES ('41', '188');
INSERT INTO `albumsong` VALUES ('41', '189');
INSERT INTO `albumsong` VALUES ('41', '190');
INSERT INTO `albumsong` VALUES ('41', '191');
INSERT INTO `albumsong` VALUES ('41', '192');
INSERT INTO `albumsong` VALUES ('41', '193');
INSERT INTO `albumsong` VALUES ('41', '194');
INSERT INTO `albumsong` VALUES ('41', '195');
INSERT INTO `albumsong` VALUES ('41', '196');
INSERT INTO `albumsong` VALUES ('41', '197');
INSERT INTO `albumsong` VALUES ('41', '198');
INSERT INTO `albumsong` VALUES ('41', '199');
INSERT INTO `albumsong` VALUES ('41', '200');
INSERT INTO `albumsong` VALUES ('41', '201');
INSERT INTO `albumsong` VALUES ('41', '202');
INSERT INTO `albumsong` VALUES ('41', '203');
INSERT INTO `albumsong` VALUES ('41', '204');
INSERT INTO `albumsong` VALUES ('41', '205');
INSERT INTO `albumsong` VALUES ('42', '186');
INSERT INTO `albumsong` VALUES ('42', '187');
INSERT INTO `albumsong` VALUES ('42', '188');
INSERT INTO `albumsong` VALUES ('42', '189');
INSERT INTO `albumsong` VALUES ('42', '190');
INSERT INTO `albumsong` VALUES ('42', '191');
INSERT INTO `albumsong` VALUES ('42', '192');
INSERT INTO `albumsong` VALUES ('42', '193');
INSERT INTO `albumsong` VALUES ('42', '194');
INSERT INTO `albumsong` VALUES ('42', '195');
INSERT INTO `albumsong` VALUES ('42', '196');
INSERT INTO `albumsong` VALUES ('42', '197');
INSERT INTO `albumsong` VALUES ('42', '198');
INSERT INTO `albumsong` VALUES ('42', '199');
INSERT INTO `albumsong` VALUES ('42', '200');
INSERT INTO `albumsong` VALUES ('42', '201');
INSERT INTO `albumsong` VALUES ('42', '202');
INSERT INTO `albumsong` VALUES ('42', '203');
INSERT INTO `albumsong` VALUES ('42', '204');
INSERT INTO `albumsong` VALUES ('42', '205');
INSERT INTO `albumsong` VALUES ('43', '186');
INSERT INTO `albumsong` VALUES ('43', '187');
INSERT INTO `albumsong` VALUES ('43', '188');
INSERT INTO `albumsong` VALUES ('43', '189');
INSERT INTO `albumsong` VALUES ('43', '190');
INSERT INTO `albumsong` VALUES ('43', '191');
INSERT INTO `albumsong` VALUES ('43', '192');
INSERT INTO `albumsong` VALUES ('43', '193');
INSERT INTO `albumsong` VALUES ('43', '194');
INSERT INTO `albumsong` VALUES ('43', '195');
INSERT INTO `albumsong` VALUES ('43', '196');
INSERT INTO `albumsong` VALUES ('43', '197');
INSERT INTO `albumsong` VALUES ('43', '198');
INSERT INTO `albumsong` VALUES ('43', '199');
INSERT INTO `albumsong` VALUES ('43', '200');
INSERT INTO `albumsong` VALUES ('43', '201');
INSERT INTO `albumsong` VALUES ('43', '202');
INSERT INTO `albumsong` VALUES ('43', '203');
INSERT INTO `albumsong` VALUES ('43', '204');
INSERT INTO `albumsong` VALUES ('43', '205');
INSERT INTO `albumsong` VALUES ('44', '186');
INSERT INTO `albumsong` VALUES ('44', '187');
INSERT INTO `albumsong` VALUES ('44', '188');
INSERT INTO `albumsong` VALUES ('44', '189');
INSERT INTO `albumsong` VALUES ('44', '190');
INSERT INTO `albumsong` VALUES ('44', '191');
INSERT INTO `albumsong` VALUES ('44', '192');
INSERT INTO `albumsong` VALUES ('44', '193');
INSERT INTO `albumsong` VALUES ('44', '194');
INSERT INTO `albumsong` VALUES ('44', '195');
INSERT INTO `albumsong` VALUES ('44', '196');
INSERT INTO `albumsong` VALUES ('44', '197');
INSERT INTO `albumsong` VALUES ('44', '198');
INSERT INTO `albumsong` VALUES ('44', '199');
INSERT INTO `albumsong` VALUES ('44', '200');
INSERT INTO `albumsong` VALUES ('44', '201');
INSERT INTO `albumsong` VALUES ('44', '202');
INSERT INTO `albumsong` VALUES ('44', '203');
INSERT INTO `albumsong` VALUES ('44', '204');
INSERT INTO `albumsong` VALUES ('44', '205');
INSERT INTO `albumsong` VALUES ('45', '186');
INSERT INTO `albumsong` VALUES ('45', '187');
INSERT INTO `albumsong` VALUES ('45', '188');
INSERT INTO `albumsong` VALUES ('45', '189');
INSERT INTO `albumsong` VALUES ('45', '190');
INSERT INTO `albumsong` VALUES ('45', '191');
INSERT INTO `albumsong` VALUES ('45', '192');
INSERT INTO `albumsong` VALUES ('45', '193');
INSERT INTO `albumsong` VALUES ('45', '194');
INSERT INTO `albumsong` VALUES ('45', '195');
INSERT INTO `albumsong` VALUES ('45', '196');
INSERT INTO `albumsong` VALUES ('45', '197');
INSERT INTO `albumsong` VALUES ('45', '198');
INSERT INTO `albumsong` VALUES ('45', '199');
INSERT INTO `albumsong` VALUES ('45', '200');
INSERT INTO `albumsong` VALUES ('45', '201');
INSERT INTO `albumsong` VALUES ('45', '202');
INSERT INTO `albumsong` VALUES ('45', '203');
INSERT INTO `albumsong` VALUES ('45', '204');
INSERT INTO `albumsong` VALUES ('45', '205');
INSERT INTO `albumsong` VALUES ('46', '186');
INSERT INTO `albumsong` VALUES ('46', '187');
INSERT INTO `albumsong` VALUES ('46', '188');
INSERT INTO `albumsong` VALUES ('46', '189');
INSERT INTO `albumsong` VALUES ('46', '190');
INSERT INTO `albumsong` VALUES ('46', '191');
INSERT INTO `albumsong` VALUES ('46', '192');
INSERT INTO `albumsong` VALUES ('46', '193');
INSERT INTO `albumsong` VALUES ('46', '194');
INSERT INTO `albumsong` VALUES ('46', '195');
INSERT INTO `albumsong` VALUES ('46', '196');
INSERT INTO `albumsong` VALUES ('46', '197');
INSERT INTO `albumsong` VALUES ('46', '198');
INSERT INTO `albumsong` VALUES ('46', '199');
INSERT INTO `albumsong` VALUES ('46', '200');
INSERT INTO `albumsong` VALUES ('46', '201');
INSERT INTO `albumsong` VALUES ('46', '202');
INSERT INTO `albumsong` VALUES ('46', '203');
INSERT INTO `albumsong` VALUES ('46', '204');
INSERT INTO `albumsong` VALUES ('46', '205');
INSERT INTO `albumsong` VALUES ('47', '206');
INSERT INTO `albumsong` VALUES ('47', '207');
INSERT INTO `albumsong` VALUES ('47', '208');
INSERT INTO `albumsong` VALUES ('47', '209');
INSERT INTO `albumsong` VALUES ('47', '210');
INSERT INTO `albumsong` VALUES ('47', '211');
INSERT INTO `albumsong` VALUES ('47', '212');
INSERT INTO `albumsong` VALUES ('47', '213');
INSERT INTO `albumsong` VALUES ('47', '214');
INSERT INTO `albumsong` VALUES ('47', '215');
INSERT INTO `albumsong` VALUES ('47', '216');
INSERT INTO `albumsong` VALUES ('47', '217');
INSERT INTO `albumsong` VALUES ('47', '218');
INSERT INTO `albumsong` VALUES ('48', '219');
INSERT INTO `albumsong` VALUES ('48', '220');
INSERT INTO `albumsong` VALUES ('48', '221');
INSERT INTO `albumsong` VALUES ('48', '222');
INSERT INTO `albumsong` VALUES ('48', '223');
INSERT INTO `albumsong` VALUES ('48', '224');
INSERT INTO `albumsong` VALUES ('48', '225');
INSERT INTO `albumsong` VALUES ('48', '226');
INSERT INTO `albumsong` VALUES ('48', '227');
INSERT INTO `albumsong` VALUES ('48', '228');
INSERT INTO `albumsong` VALUES ('48', '229');
INSERT INTO `albumsong` VALUES ('48', '230');
INSERT INTO `albumsong` VALUES ('48', '231');
INSERT INTO `albumsong` VALUES ('49', '232');
INSERT INTO `albumsong` VALUES ('49', '233');
INSERT INTO `albumsong` VALUES ('49', '234');
INSERT INTO `albumsong` VALUES ('49', '235');
INSERT INTO `albumsong` VALUES ('49', '236');
INSERT INTO `albumsong` VALUES ('49', '237');
INSERT INTO `albumsong` VALUES ('49', '238');
INSERT INTO `albumsong` VALUES ('49', '239');
INSERT INTO `albumsong` VALUES ('49', '240');
INSERT INTO `albumsong` VALUES ('49', '241');
INSERT INTO `albumsong` VALUES ('49', '242');
INSERT INTO `albumsong` VALUES ('49', '243');
INSERT INTO `albumsong` VALUES ('49', '244');
INSERT INTO `albumsong` VALUES ('49', '245');
INSERT INTO `albumsong` VALUES ('49', '246');
INSERT INTO `albumsong` VALUES ('50', '247');
INSERT INTO `albumsong` VALUES ('50', '248');
INSERT INTO `albumsong` VALUES ('50', '249');
INSERT INTO `albumsong` VALUES ('50', '250');
INSERT INTO `albumsong` VALUES ('50', '251');
INSERT INTO `albumsong` VALUES ('50', '252');
INSERT INTO `albumsong` VALUES ('50', '253');
INSERT INTO `albumsong` VALUES ('50', '254');
INSERT INTO `albumsong` VALUES ('50', '255');
INSERT INTO `albumsong` VALUES ('51', '256');
INSERT INTO `albumsong` VALUES ('51', '257');
INSERT INTO `albumsong` VALUES ('51', '258');
INSERT INTO `albumsong` VALUES ('51', '259');
INSERT INTO `albumsong` VALUES ('51', '260');
INSERT INTO `albumsong` VALUES ('51', '261');
INSERT INTO `albumsong` VALUES ('51', '262');
INSERT INTO `albumsong` VALUES ('51', '263');
INSERT INTO `albumsong` VALUES ('51', '264');
INSERT INTO `albumsong` VALUES ('51', '265');
INSERT INTO `albumsong` VALUES ('51', '266');
INSERT INTO `albumsong` VALUES ('51', '267');
INSERT INTO `albumsong` VALUES ('51', '268');
INSERT INTO `albumsong` VALUES ('52', '269');
INSERT INTO `albumsong` VALUES ('52', '270');
INSERT INTO `albumsong` VALUES ('52', '271');
INSERT INTO `albumsong` VALUES ('52', '272');
INSERT INTO `albumsong` VALUES ('52', '273');
INSERT INTO `albumsong` VALUES ('52', '274');
INSERT INTO `albumsong` VALUES ('52', '275');
INSERT INTO `albumsong` VALUES ('52', '276');
INSERT INTO `albumsong` VALUES ('52', '277');
INSERT INTO `albumsong` VALUES ('52', '278');
INSERT INTO `albumsong` VALUES ('52', '279');
INSERT INTO `albumsong` VALUES ('53', '280');
INSERT INTO `albumsong` VALUES ('53', '281');
INSERT INTO `albumsong` VALUES ('53', '282');
INSERT INTO `albumsong` VALUES ('53', '283');
INSERT INTO `albumsong` VALUES ('53', '284');
INSERT INTO `albumsong` VALUES ('53', '285');
INSERT INTO `albumsong` VALUES ('53', '286');
INSERT INTO `albumsong` VALUES ('53', '287');
INSERT INTO `albumsong` VALUES ('53', '288');
INSERT INTO `albumsong` VALUES ('54', '289');
INSERT INTO `albumsong` VALUES ('54', '290');
INSERT INTO `albumsong` VALUES ('54', '291');
INSERT INTO `albumsong` VALUES ('54', '292');
INSERT INTO `albumsong` VALUES ('54', '293');
INSERT INTO `albumsong` VALUES ('54', '294');
INSERT INTO `albumsong` VALUES ('54', '295');
INSERT INTO `albumsong` VALUES ('54', '296');
INSERT INTO `albumsong` VALUES ('54', '297');
INSERT INTO `albumsong` VALUES ('54', '298');
INSERT INTO `albumsong` VALUES ('54', '299');
INSERT INTO `albumsong` VALUES ('54', '300');
INSERT INTO `albumsong` VALUES ('54', '301');
INSERT INTO `albumsong` VALUES ('54', '302');
INSERT INTO `albumsong` VALUES ('54', '303');
INSERT INTO `albumsong` VALUES ('54', '304');
INSERT INTO `albumsong` VALUES ('55', '305');
INSERT INTO `albumsong` VALUES ('55', '306');
INSERT INTO `albumsong` VALUES ('55', '307');
INSERT INTO `albumsong` VALUES ('55', '308');
INSERT INTO `albumsong` VALUES ('55', '309');
INSERT INTO `albumsong` VALUES ('55', '310');
INSERT INTO `albumsong` VALUES ('55', '311');
INSERT INTO `albumsong` VALUES ('55', '312');
INSERT INTO `albumsong` VALUES ('55', '313');
INSERT INTO `albumsong` VALUES ('55', '314');
INSERT INTO `albumsong` VALUES ('55', '315');
INSERT INTO `albumsong` VALUES ('56', '316');
INSERT INTO `albumsong` VALUES ('56', '317');
INSERT INTO `albumsong` VALUES ('56', '318');
INSERT INTO `albumsong` VALUES ('56', '319');
INSERT INTO `albumsong` VALUES ('56', '320');
INSERT INTO `albumsong` VALUES ('56', '321');
INSERT INTO `albumsong` VALUES ('56', '322');
INSERT INTO `albumsong` VALUES ('56', '323');
INSERT INTO `albumsong` VALUES ('56', '324');
INSERT INTO `albumsong` VALUES ('56', '325');
INSERT INTO `albumsong` VALUES ('56', '326');
INSERT INTO `albumsong` VALUES ('56', '327');
INSERT INTO `albumsong` VALUES ('57', '328');
INSERT INTO `albumsong` VALUES ('57', '329');
INSERT INTO `albumsong` VALUES ('57', '330');
INSERT INTO `albumsong` VALUES ('57', '331');
INSERT INTO `albumsong` VALUES ('57', '332');
INSERT INTO `albumsong` VALUES ('57', '333');
INSERT INTO `albumsong` VALUES ('57', '334');
INSERT INTO `albumsong` VALUES ('57', '335');
INSERT INTO `albumsong` VALUES ('57', '336');
INSERT INTO `albumsong` VALUES ('57', '337');
INSERT INTO `albumsong` VALUES ('57', '338');
INSERT INTO `albumsong` VALUES ('57', '339');
INSERT INTO `albumsong` VALUES ('58', '340');
INSERT INTO `albumsong` VALUES ('58', '341');
INSERT INTO `albumsong` VALUES ('58', '342');
INSERT INTO `albumsong` VALUES ('58', '343');
INSERT INTO `albumsong` VALUES ('58', '344');
INSERT INTO `albumsong` VALUES ('58', '345');
INSERT INTO `albumsong` VALUES ('58', '346');
INSERT INTO `albumsong` VALUES ('58', '347');
INSERT INTO `albumsong` VALUES ('58', '348');
INSERT INTO `albumsong` VALUES ('58', '349');
INSERT INTO `albumsong` VALUES ('58', '350');
INSERT INTO `albumsong` VALUES ('58', '351');
INSERT INTO `albumsong` VALUES ('58', '352');
INSERT INTO `albumsong` VALUES ('59', '353');
INSERT INTO `albumsong` VALUES ('59', '354');
INSERT INTO `albumsong` VALUES ('59', '355');
INSERT INTO `albumsong` VALUES ('59', '356');
INSERT INTO `albumsong` VALUES ('59', '357');
INSERT INTO `albumsong` VALUES ('59', '358');
INSERT INTO `albumsong` VALUES ('59', '359');
INSERT INTO `albumsong` VALUES ('59', '360');
INSERT INTO `albumsong` VALUES ('59', '361');
INSERT INTO `albumsong` VALUES ('59', '362');
INSERT INTO `albumsong` VALUES ('59', '363');
INSERT INTO `albumsong` VALUES ('59', '364');
INSERT INTO `albumsong` VALUES ('60', '365');
INSERT INTO `albumsong` VALUES ('60', '366');
INSERT INTO `albumsong` VALUES ('60', '367');
INSERT INTO `albumsong` VALUES ('60', '368');
INSERT INTO `albumsong` VALUES ('60', '369');
INSERT INTO `albumsong` VALUES ('60', '370');
INSERT INTO `albumsong` VALUES ('60', '371');
INSERT INTO `albumsong` VALUES ('60', '372');
INSERT INTO `albumsong` VALUES ('60', '373');
INSERT INTO `albumsong` VALUES ('60', '374');
INSERT INTO `albumsong` VALUES ('60', '375');
INSERT INTO `albumsong` VALUES ('61', '376');
INSERT INTO `albumsong` VALUES ('61', '377');
INSERT INTO `albumsong` VALUES ('61', '378');
INSERT INTO `albumsong` VALUES ('61', '379');
INSERT INTO `albumsong` VALUES ('61', '380');
INSERT INTO `albumsong` VALUES ('62', '381');
INSERT INTO `albumsong` VALUES ('62', '382');
INSERT INTO `albumsong` VALUES ('62', '383');
INSERT INTO `albumsong` VALUES ('62', '384');
INSERT INTO `albumsong` VALUES ('62', '385');
INSERT INTO `albumsong` VALUES ('62', '386');
INSERT INTO `albumsong` VALUES ('62', '387');
INSERT INTO `albumsong` VALUES ('62', '388');
INSERT INTO `albumsong` VALUES ('62', '389');
INSERT INTO `albumsong` VALUES ('62', '390');
INSERT INTO `albumsong` VALUES ('63', '391');
INSERT INTO `albumsong` VALUES ('63', '392');
INSERT INTO `albumsong` VALUES ('63', '393');
INSERT INTO `albumsong` VALUES ('63', '394');
INSERT INTO `albumsong` VALUES ('63', '395');
INSERT INTO `albumsong` VALUES ('63', '396');
INSERT INTO `albumsong` VALUES ('63', '397');
INSERT INTO `albumsong` VALUES ('63', '398');
INSERT INTO `albumsong` VALUES ('63', '399');
INSERT INTO `albumsong` VALUES ('63', '400');
INSERT INTO `albumsong` VALUES ('63', '401');
INSERT INTO `albumsong` VALUES ('63', '402');
INSERT INTO `albumsong` VALUES ('63', '403');
INSERT INTO `albumsong` VALUES ('63', '404');
INSERT INTO `albumsong` VALUES ('63', '405');
INSERT INTO `albumsong` VALUES ('64', '406');
INSERT INTO `albumsong` VALUES ('64', '407');
INSERT INTO `albumsong` VALUES ('64', '408');
INSERT INTO `albumsong` VALUES ('64', '409');
INSERT INTO `albumsong` VALUES ('64', '410');
INSERT INTO `albumsong` VALUES ('64', '411');
INSERT INTO `albumsong` VALUES ('64', '412');
INSERT INTO `albumsong` VALUES ('64', '413');
INSERT INTO `albumsong` VALUES ('64', '414');
INSERT INTO `albumsong` VALUES ('64', '415');
INSERT INTO `albumsong` VALUES ('64', '416');
INSERT INTO `albumsong` VALUES ('64', '417');
INSERT INTO `albumsong` VALUES ('64', '418');
INSERT INTO `albumsong` VALUES ('64', '419');
INSERT INTO `albumsong` VALUES ('64', '420');
INSERT INTO `albumsong` VALUES ('65', '421');
INSERT INTO `albumsong` VALUES ('65', '422');
INSERT INTO `albumsong` VALUES ('65', '423');
INSERT INTO `albumsong` VALUES ('65', '424');
INSERT INTO `albumsong` VALUES ('65', '425');
INSERT INTO `albumsong` VALUES ('65', '426');
INSERT INTO `albumsong` VALUES ('65', '427');
INSERT INTO `albumsong` VALUES ('65', '428');
INSERT INTO `albumsong` VALUES ('65', '429');
INSERT INTO `albumsong` VALUES ('65', '430');
INSERT INTO `albumsong` VALUES ('66', '431');
INSERT INTO `albumsong` VALUES ('66', '432');
INSERT INTO `albumsong` VALUES ('66', '433');
INSERT INTO `albumsong` VALUES ('66', '434');
INSERT INTO `albumsong` VALUES ('66', '435');
INSERT INTO `albumsong` VALUES ('67', '442');
INSERT INTO `albumsong` VALUES ('67', '447');
INSERT INTO `albumsong` VALUES ('67', '468');
INSERT INTO `albumsong` VALUES ('67', '469');
INSERT INTO `albumsong` VALUES ('67', '470');
INSERT INTO `albumsong` VALUES ('67', '471');
INSERT INTO `albumsong` VALUES ('67', '472');
INSERT INTO `albumsong` VALUES ('67', '473');
INSERT INTO `albumsong` VALUES ('67', '474');
INSERT INTO `albumsong` VALUES ('67', '475');
INSERT INTO `albumsong` VALUES ('67', '476');
INSERT INTO `albumsong` VALUES ('67', '477');
INSERT INTO `albumsong` VALUES ('67', '478');
INSERT INTO `albumsong` VALUES ('67', '479');
INSERT INTO `albumsong` VALUES ('67', '480');
INSERT INTO `albumsong` VALUES ('67', '481');
INSERT INTO `albumsong` VALUES ('67', '482');
INSERT INTO `albumsong` VALUES ('67', '483');
INSERT INTO `albumsong` VALUES ('67', '484');
INSERT INTO `albumsong` VALUES ('67', '485');
INSERT INTO `albumsong` VALUES ('68', '442');
INSERT INTO `albumsong` VALUES ('68', '447');
INSERT INTO `albumsong` VALUES ('68', '468');
INSERT INTO `albumsong` VALUES ('68', '469');
INSERT INTO `albumsong` VALUES ('68', '470');
INSERT INTO `albumsong` VALUES ('68', '471');
INSERT INTO `albumsong` VALUES ('68', '472');
INSERT INTO `albumsong` VALUES ('68', '473');
INSERT INTO `albumsong` VALUES ('68', '474');
INSERT INTO `albumsong` VALUES ('68', '475');
INSERT INTO `albumsong` VALUES ('68', '476');
INSERT INTO `albumsong` VALUES ('68', '477');
INSERT INTO `albumsong` VALUES ('68', '478');
INSERT INTO `albumsong` VALUES ('68', '479');
INSERT INTO `albumsong` VALUES ('68', '480');
INSERT INTO `albumsong` VALUES ('68', '481');
INSERT INTO `albumsong` VALUES ('68', '482');
INSERT INTO `albumsong` VALUES ('68', '483');
INSERT INTO `albumsong` VALUES ('68', '484');
INSERT INTO `albumsong` VALUES ('68', '485');
INSERT INTO `albumsong` VALUES ('69', '442');
INSERT INTO `albumsong` VALUES ('69', '447');
INSERT INTO `albumsong` VALUES ('69', '468');
INSERT INTO `albumsong` VALUES ('69', '469');
INSERT INTO `albumsong` VALUES ('69', '470');
INSERT INTO `albumsong` VALUES ('69', '471');
INSERT INTO `albumsong` VALUES ('69', '472');
INSERT INTO `albumsong` VALUES ('69', '473');
INSERT INTO `albumsong` VALUES ('69', '474');
INSERT INTO `albumsong` VALUES ('69', '475');
INSERT INTO `albumsong` VALUES ('69', '476');
INSERT INTO `albumsong` VALUES ('69', '477');
INSERT INTO `albumsong` VALUES ('69', '478');
INSERT INTO `albumsong` VALUES ('69', '479');
INSERT INTO `albumsong` VALUES ('69', '480');
INSERT INTO `albumsong` VALUES ('69', '481');
INSERT INTO `albumsong` VALUES ('69', '482');
INSERT INTO `albumsong` VALUES ('69', '483');
INSERT INTO `albumsong` VALUES ('69', '484');
INSERT INTO `albumsong` VALUES ('69', '485');
INSERT INTO `albumsong` VALUES ('70', '442');
INSERT INTO `albumsong` VALUES ('70', '447');
INSERT INTO `albumsong` VALUES ('70', '468');
INSERT INTO `albumsong` VALUES ('70', '469');
INSERT INTO `albumsong` VALUES ('70', '470');
INSERT INTO `albumsong` VALUES ('70', '471');
INSERT INTO `albumsong` VALUES ('70', '472');
INSERT INTO `albumsong` VALUES ('70', '473');
INSERT INTO `albumsong` VALUES ('70', '474');
INSERT INTO `albumsong` VALUES ('70', '475');
INSERT INTO `albumsong` VALUES ('70', '476');
INSERT INTO `albumsong` VALUES ('70', '477');
INSERT INTO `albumsong` VALUES ('70', '478');
INSERT INTO `albumsong` VALUES ('70', '479');
INSERT INTO `albumsong` VALUES ('70', '480');
INSERT INTO `albumsong` VALUES ('70', '481');
INSERT INTO `albumsong` VALUES ('70', '482');
INSERT INTO `albumsong` VALUES ('70', '483');
INSERT INTO `albumsong` VALUES ('70', '484');
INSERT INTO `albumsong` VALUES ('70', '485');
INSERT INTO `albumsong` VALUES ('71', '442');
INSERT INTO `albumsong` VALUES ('71', '447');
INSERT INTO `albumsong` VALUES ('71', '468');
INSERT INTO `albumsong` VALUES ('71', '469');
INSERT INTO `albumsong` VALUES ('71', '470');
INSERT INTO `albumsong` VALUES ('71', '471');
INSERT INTO `albumsong` VALUES ('71', '472');
INSERT INTO `albumsong` VALUES ('71', '473');
INSERT INTO `albumsong` VALUES ('71', '474');
INSERT INTO `albumsong` VALUES ('71', '475');
INSERT INTO `albumsong` VALUES ('71', '476');
INSERT INTO `albumsong` VALUES ('71', '477');
INSERT INTO `albumsong` VALUES ('71', '478');
INSERT INTO `albumsong` VALUES ('71', '479');
INSERT INTO `albumsong` VALUES ('71', '480');
INSERT INTO `albumsong` VALUES ('71', '481');
INSERT INTO `albumsong` VALUES ('71', '482');
INSERT INTO `albumsong` VALUES ('71', '483');
INSERT INTO `albumsong` VALUES ('71', '484');
INSERT INTO `albumsong` VALUES ('71', '485');
INSERT INTO `albumsong` VALUES ('72', '442');
INSERT INTO `albumsong` VALUES ('72', '447');
INSERT INTO `albumsong` VALUES ('72', '468');
INSERT INTO `albumsong` VALUES ('72', '469');
INSERT INTO `albumsong` VALUES ('72', '470');
INSERT INTO `albumsong` VALUES ('72', '471');
INSERT INTO `albumsong` VALUES ('72', '472');
INSERT INTO `albumsong` VALUES ('72', '473');
INSERT INTO `albumsong` VALUES ('72', '474');
INSERT INTO `albumsong` VALUES ('72', '475');
INSERT INTO `albumsong` VALUES ('72', '476');
INSERT INTO `albumsong` VALUES ('72', '477');
INSERT INTO `albumsong` VALUES ('72', '478');
INSERT INTO `albumsong` VALUES ('72', '479');
INSERT INTO `albumsong` VALUES ('72', '480');
INSERT INTO `albumsong` VALUES ('72', '481');
INSERT INTO `albumsong` VALUES ('72', '482');
INSERT INTO `albumsong` VALUES ('72', '483');
INSERT INTO `albumsong` VALUES ('72', '484');
INSERT INTO `albumsong` VALUES ('72', '485');
INSERT INTO `albumsong` VALUES ('73', '442');
INSERT INTO `albumsong` VALUES ('73', '447');
INSERT INTO `albumsong` VALUES ('73', '468');
INSERT INTO `albumsong` VALUES ('73', '469');
INSERT INTO `albumsong` VALUES ('73', '470');
INSERT INTO `albumsong` VALUES ('73', '471');
INSERT INTO `albumsong` VALUES ('73', '472');
INSERT INTO `albumsong` VALUES ('73', '473');
INSERT INTO `albumsong` VALUES ('73', '474');
INSERT INTO `albumsong` VALUES ('73', '475');
INSERT INTO `albumsong` VALUES ('73', '476');
INSERT INTO `albumsong` VALUES ('73', '477');
INSERT INTO `albumsong` VALUES ('73', '478');
INSERT INTO `albumsong` VALUES ('73', '479');
INSERT INTO `albumsong` VALUES ('73', '480');
INSERT INTO `albumsong` VALUES ('73', '481');
INSERT INTO `albumsong` VALUES ('73', '482');
INSERT INTO `albumsong` VALUES ('73', '483');
INSERT INTO `albumsong` VALUES ('73', '484');
INSERT INTO `albumsong` VALUES ('73', '485');
INSERT INTO `albumsong` VALUES ('74', '442');
INSERT INTO `albumsong` VALUES ('74', '447');
INSERT INTO `albumsong` VALUES ('74', '468');
INSERT INTO `albumsong` VALUES ('74', '469');
INSERT INTO `albumsong` VALUES ('74', '470');
INSERT INTO `albumsong` VALUES ('74', '471');
INSERT INTO `albumsong` VALUES ('74', '472');
INSERT INTO `albumsong` VALUES ('74', '473');
INSERT INTO `albumsong` VALUES ('74', '474');
INSERT INTO `albumsong` VALUES ('74', '475');
INSERT INTO `albumsong` VALUES ('74', '476');
INSERT INTO `albumsong` VALUES ('74', '477');
INSERT INTO `albumsong` VALUES ('74', '478');
INSERT INTO `albumsong` VALUES ('74', '479');
INSERT INTO `albumsong` VALUES ('74', '480');
INSERT INTO `albumsong` VALUES ('74', '481');
INSERT INTO `albumsong` VALUES ('74', '482');
INSERT INTO `albumsong` VALUES ('74', '483');
INSERT INTO `albumsong` VALUES ('74', '484');
INSERT INTO `albumsong` VALUES ('74', '485');
INSERT INTO `albumsong` VALUES ('75', '442');
INSERT INTO `albumsong` VALUES ('75', '447');
INSERT INTO `albumsong` VALUES ('75', '468');
INSERT INTO `albumsong` VALUES ('75', '469');
INSERT INTO `albumsong` VALUES ('75', '470');
INSERT INTO `albumsong` VALUES ('75', '471');
INSERT INTO `albumsong` VALUES ('75', '472');
INSERT INTO `albumsong` VALUES ('75', '473');
INSERT INTO `albumsong` VALUES ('75', '474');
INSERT INTO `albumsong` VALUES ('75', '475');
INSERT INTO `albumsong` VALUES ('75', '476');
INSERT INTO `albumsong` VALUES ('75', '477');
INSERT INTO `albumsong` VALUES ('75', '478');
INSERT INTO `albumsong` VALUES ('75', '479');
INSERT INTO `albumsong` VALUES ('75', '480');
INSERT INTO `albumsong` VALUES ('75', '481');
INSERT INTO `albumsong` VALUES ('75', '482');
INSERT INTO `albumsong` VALUES ('75', '483');
INSERT INTO `albumsong` VALUES ('75', '484');
INSERT INTO `albumsong` VALUES ('75', '485');
INSERT INTO `albumsong` VALUES ('76', '442');
INSERT INTO `albumsong` VALUES ('76', '447');
INSERT INTO `albumsong` VALUES ('76', '468');
INSERT INTO `albumsong` VALUES ('76', '469');
INSERT INTO `albumsong` VALUES ('76', '470');
INSERT INTO `albumsong` VALUES ('76', '471');
INSERT INTO `albumsong` VALUES ('76', '472');
INSERT INTO `albumsong` VALUES ('76', '473');
INSERT INTO `albumsong` VALUES ('76', '474');
INSERT INTO `albumsong` VALUES ('76', '475');
INSERT INTO `albumsong` VALUES ('76', '476');
INSERT INTO `albumsong` VALUES ('76', '477');
INSERT INTO `albumsong` VALUES ('76', '478');
INSERT INTO `albumsong` VALUES ('76', '479');
INSERT INTO `albumsong` VALUES ('76', '480');
INSERT INTO `albumsong` VALUES ('76', '481');
INSERT INTO `albumsong` VALUES ('76', '482');
INSERT INTO `albumsong` VALUES ('76', '483');
INSERT INTO `albumsong` VALUES ('76', '484');
INSERT INTO `albumsong` VALUES ('76', '485');
INSERT INTO `albumsong` VALUES ('77', '486');
INSERT INTO `albumsong` VALUES ('77', '487');
INSERT INTO `albumsong` VALUES ('77', '488');
INSERT INTO `albumsong` VALUES ('78', '176');
INSERT INTO `albumsong` VALUES ('78', '177');
INSERT INTO `albumsong` VALUES ('78', '178');
INSERT INTO `albumsong` VALUES ('78', '179');
INSERT INTO `albumsong` VALUES ('78', '180');
INSERT INTO `albumsong` VALUES ('78', '181');
INSERT INTO `albumsong` VALUES ('78', '182');
INSERT INTO `albumsong` VALUES ('78', '183');
INSERT INTO `albumsong` VALUES ('78', '184');
INSERT INTO `albumsong` VALUES ('78', '185');
INSERT INTO `albumsong` VALUES ('78', '497');
INSERT INTO `albumsong` VALUES ('78', '498');
INSERT INTO `albumsong` VALUES ('78', '499');
INSERT INTO `albumsong` VALUES ('78', '500');
INSERT INTO `albumsong` VALUES ('78', '501');
INSERT INTO `albumsong` VALUES ('78', '502');
INSERT INTO `albumsong` VALUES ('78', '503');
INSERT INTO `albumsong` VALUES ('79', '176');
INSERT INTO `albumsong` VALUES ('79', '177');
INSERT INTO `albumsong` VALUES ('79', '178');
INSERT INTO `albumsong` VALUES ('79', '179');
INSERT INTO `albumsong` VALUES ('79', '180');
INSERT INTO `albumsong` VALUES ('79', '181');
INSERT INTO `albumsong` VALUES ('79', '182');
INSERT INTO `albumsong` VALUES ('79', '183');
INSERT INTO `albumsong` VALUES ('79', '184');
INSERT INTO `albumsong` VALUES ('79', '185');
INSERT INTO `albumsong` VALUES ('79', '497');
INSERT INTO `albumsong` VALUES ('79', '498');
INSERT INTO `albumsong` VALUES ('79', '499');
INSERT INTO `albumsong` VALUES ('79', '500');
INSERT INTO `albumsong` VALUES ('79', '501');
INSERT INTO `albumsong` VALUES ('79', '502');
INSERT INTO `albumsong` VALUES ('79', '503');
INSERT INTO `albumsong` VALUES ('80', '176');
INSERT INTO `albumsong` VALUES ('80', '177');
INSERT INTO `albumsong` VALUES ('80', '178');
INSERT INTO `albumsong` VALUES ('80', '179');
INSERT INTO `albumsong` VALUES ('80', '180');
INSERT INTO `albumsong` VALUES ('80', '181');
INSERT INTO `albumsong` VALUES ('80', '182');
INSERT INTO `albumsong` VALUES ('80', '183');
INSERT INTO `albumsong` VALUES ('80', '184');
INSERT INTO `albumsong` VALUES ('80', '185');
INSERT INTO `albumsong` VALUES ('80', '497');
INSERT INTO `albumsong` VALUES ('80', '498');
INSERT INTO `albumsong` VALUES ('80', '499');
INSERT INTO `albumsong` VALUES ('80', '500');
INSERT INTO `albumsong` VALUES ('80', '501');
INSERT INTO `albumsong` VALUES ('80', '502');
INSERT INTO `albumsong` VALUES ('80', '503');
INSERT INTO `albumsong` VALUES ('81', '176');
INSERT INTO `albumsong` VALUES ('81', '177');
INSERT INTO `albumsong` VALUES ('81', '178');
INSERT INTO `albumsong` VALUES ('81', '179');
INSERT INTO `albumsong` VALUES ('81', '180');
INSERT INTO `albumsong` VALUES ('81', '181');
INSERT INTO `albumsong` VALUES ('81', '182');
INSERT INTO `albumsong` VALUES ('81', '183');
INSERT INTO `albumsong` VALUES ('81', '184');
INSERT INTO `albumsong` VALUES ('81', '185');
INSERT INTO `albumsong` VALUES ('81', '497');
INSERT INTO `albumsong` VALUES ('81', '498');
INSERT INTO `albumsong` VALUES ('81', '499');
INSERT INTO `albumsong` VALUES ('81', '500');
INSERT INTO `albumsong` VALUES ('81', '501');
INSERT INTO `albumsong` VALUES ('81', '502');
INSERT INTO `albumsong` VALUES ('81', '503');
INSERT INTO `albumsong` VALUES ('82', '176');
INSERT INTO `albumsong` VALUES ('82', '177');
INSERT INTO `albumsong` VALUES ('82', '178');
INSERT INTO `albumsong` VALUES ('82', '179');
INSERT INTO `albumsong` VALUES ('82', '180');
INSERT INTO `albumsong` VALUES ('82', '181');
INSERT INTO `albumsong` VALUES ('82', '182');
INSERT INTO `albumsong` VALUES ('82', '183');
INSERT INTO `albumsong` VALUES ('82', '184');
INSERT INTO `albumsong` VALUES ('82', '185');
INSERT INTO `albumsong` VALUES ('82', '497');
INSERT INTO `albumsong` VALUES ('82', '498');
INSERT INTO `albumsong` VALUES ('82', '499');
INSERT INTO `albumsong` VALUES ('82', '500');
INSERT INTO `albumsong` VALUES ('82', '501');
INSERT INTO `albumsong` VALUES ('82', '502');
INSERT INTO `albumsong` VALUES ('82', '503');
INSERT INTO `albumsong` VALUES ('83', '176');
INSERT INTO `albumsong` VALUES ('83', '177');
INSERT INTO `albumsong` VALUES ('83', '178');
INSERT INTO `albumsong` VALUES ('83', '179');
INSERT INTO `albumsong` VALUES ('83', '180');
INSERT INTO `albumsong` VALUES ('83', '181');
INSERT INTO `albumsong` VALUES ('83', '182');
INSERT INTO `albumsong` VALUES ('83', '183');
INSERT INTO `albumsong` VALUES ('83', '184');
INSERT INTO `albumsong` VALUES ('83', '185');
INSERT INTO `albumsong` VALUES ('83', '497');
INSERT INTO `albumsong` VALUES ('83', '498');
INSERT INTO `albumsong` VALUES ('83', '499');
INSERT INTO `albumsong` VALUES ('83', '500');
INSERT INTO `albumsong` VALUES ('83', '501');
INSERT INTO `albumsong` VALUES ('83', '502');
INSERT INTO `albumsong` VALUES ('83', '503');
INSERT INTO `albumsong` VALUES ('84', '176');
INSERT INTO `albumsong` VALUES ('84', '177');
INSERT INTO `albumsong` VALUES ('84', '178');
INSERT INTO `albumsong` VALUES ('84', '179');
INSERT INTO `albumsong` VALUES ('84', '180');
INSERT INTO `albumsong` VALUES ('84', '181');
INSERT INTO `albumsong` VALUES ('84', '182');
INSERT INTO `albumsong` VALUES ('84', '183');
INSERT INTO `albumsong` VALUES ('84', '184');
INSERT INTO `albumsong` VALUES ('84', '185');
INSERT INTO `albumsong` VALUES ('84', '497');
INSERT INTO `albumsong` VALUES ('84', '498');
INSERT INTO `albumsong` VALUES ('84', '499');
INSERT INTO `albumsong` VALUES ('84', '500');
INSERT INTO `albumsong` VALUES ('84', '501');
INSERT INTO `albumsong` VALUES ('84', '502');
INSERT INTO `albumsong` VALUES ('84', '503');
INSERT INTO `albumsong` VALUES ('85', '176');
INSERT INTO `albumsong` VALUES ('85', '177');
INSERT INTO `albumsong` VALUES ('85', '178');
INSERT INTO `albumsong` VALUES ('85', '179');
INSERT INTO `albumsong` VALUES ('85', '180');
INSERT INTO `albumsong` VALUES ('85', '181');
INSERT INTO `albumsong` VALUES ('85', '182');
INSERT INTO `albumsong` VALUES ('85', '183');
INSERT INTO `albumsong` VALUES ('85', '184');
INSERT INTO `albumsong` VALUES ('85', '185');
INSERT INTO `albumsong` VALUES ('85', '497');
INSERT INTO `albumsong` VALUES ('85', '498');
INSERT INTO `albumsong` VALUES ('85', '499');
INSERT INTO `albumsong` VALUES ('85', '500');
INSERT INTO `albumsong` VALUES ('85', '501');
INSERT INTO `albumsong` VALUES ('85', '502');
INSERT INTO `albumsong` VALUES ('85', '503');
INSERT INTO `albumsong` VALUES ('86', '176');
INSERT INTO `albumsong` VALUES ('86', '177');
INSERT INTO `albumsong` VALUES ('86', '178');
INSERT INTO `albumsong` VALUES ('86', '179');
INSERT INTO `albumsong` VALUES ('86', '180');
INSERT INTO `albumsong` VALUES ('86', '181');
INSERT INTO `albumsong` VALUES ('86', '182');
INSERT INTO `albumsong` VALUES ('86', '183');
INSERT INTO `albumsong` VALUES ('86', '184');
INSERT INTO `albumsong` VALUES ('86', '185');
INSERT INTO `albumsong` VALUES ('86', '497');
INSERT INTO `albumsong` VALUES ('86', '498');
INSERT INTO `albumsong` VALUES ('86', '499');
INSERT INTO `albumsong` VALUES ('86', '500');
INSERT INTO `albumsong` VALUES ('86', '501');
INSERT INTO `albumsong` VALUES ('86', '502');
INSERT INTO `albumsong` VALUES ('86', '503');
INSERT INTO `albumsong` VALUES ('87', '176');
INSERT INTO `albumsong` VALUES ('87', '177');
INSERT INTO `albumsong` VALUES ('87', '178');
INSERT INTO `albumsong` VALUES ('87', '179');
INSERT INTO `albumsong` VALUES ('87', '180');
INSERT INTO `albumsong` VALUES ('87', '181');
INSERT INTO `albumsong` VALUES ('87', '182');
INSERT INTO `albumsong` VALUES ('87', '183');
INSERT INTO `albumsong` VALUES ('87', '184');
INSERT INTO `albumsong` VALUES ('87', '185');
INSERT INTO `albumsong` VALUES ('87', '497');
INSERT INTO `albumsong` VALUES ('87', '498');
INSERT INTO `albumsong` VALUES ('87', '499');
INSERT INTO `albumsong` VALUES ('87', '500');
INSERT INTO `albumsong` VALUES ('87', '501');
INSERT INTO `albumsong` VALUES ('87', '502');
INSERT INTO `albumsong` VALUES ('87', '503');
INSERT INTO `albumsong` VALUES ('88', '176');
INSERT INTO `albumsong` VALUES ('88', '177');
INSERT INTO `albumsong` VALUES ('88', '178');
INSERT INTO `albumsong` VALUES ('88', '179');
INSERT INTO `albumsong` VALUES ('88', '180');
INSERT INTO `albumsong` VALUES ('88', '181');
INSERT INTO `albumsong` VALUES ('88', '182');
INSERT INTO `albumsong` VALUES ('88', '183');
INSERT INTO `albumsong` VALUES ('88', '184');
INSERT INTO `albumsong` VALUES ('88', '185');
INSERT INTO `albumsong` VALUES ('88', '497');
INSERT INTO `albumsong` VALUES ('88', '498');
INSERT INTO `albumsong` VALUES ('88', '499');
INSERT INTO `albumsong` VALUES ('88', '500');
INSERT INTO `albumsong` VALUES ('88', '501');
INSERT INTO `albumsong` VALUES ('88', '502');
INSERT INTO `albumsong` VALUES ('88', '503');
INSERT INTO `albumsong` VALUES ('89', '176');
INSERT INTO `albumsong` VALUES ('89', '177');
INSERT INTO `albumsong` VALUES ('89', '178');
INSERT INTO `albumsong` VALUES ('89', '179');
INSERT INTO `albumsong` VALUES ('89', '180');
INSERT INTO `albumsong` VALUES ('89', '181');
INSERT INTO `albumsong` VALUES ('89', '182');
INSERT INTO `albumsong` VALUES ('89', '183');
INSERT INTO `albumsong` VALUES ('89', '184');
INSERT INTO `albumsong` VALUES ('89', '185');
INSERT INTO `albumsong` VALUES ('89', '497');
INSERT INTO `albumsong` VALUES ('89', '498');
INSERT INTO `albumsong` VALUES ('89', '499');
INSERT INTO `albumsong` VALUES ('89', '500');
INSERT INTO `albumsong` VALUES ('89', '501');
INSERT INTO `albumsong` VALUES ('89', '502');
INSERT INTO `albumsong` VALUES ('89', '503');
INSERT INTO `albumsong` VALUES ('90', '176');
INSERT INTO `albumsong` VALUES ('90', '177');
INSERT INTO `albumsong` VALUES ('90', '178');
INSERT INTO `albumsong` VALUES ('90', '179');
INSERT INTO `albumsong` VALUES ('90', '180');
INSERT INTO `albumsong` VALUES ('90', '181');
INSERT INTO `albumsong` VALUES ('90', '182');
INSERT INTO `albumsong` VALUES ('90', '183');
INSERT INTO `albumsong` VALUES ('90', '184');
INSERT INTO `albumsong` VALUES ('90', '185');
INSERT INTO `albumsong` VALUES ('90', '497');
INSERT INTO `albumsong` VALUES ('90', '498');
INSERT INTO `albumsong` VALUES ('90', '499');
INSERT INTO `albumsong` VALUES ('90', '500');
INSERT INTO `albumsong` VALUES ('90', '501');
INSERT INTO `albumsong` VALUES ('90', '502');
INSERT INTO `albumsong` VALUES ('90', '503');
INSERT INTO `albumsong` VALUES ('91', '176');
INSERT INTO `albumsong` VALUES ('91', '177');
INSERT INTO `albumsong` VALUES ('91', '178');
INSERT INTO `albumsong` VALUES ('91', '179');
INSERT INTO `albumsong` VALUES ('91', '180');
INSERT INTO `albumsong` VALUES ('91', '181');
INSERT INTO `albumsong` VALUES ('91', '182');
INSERT INTO `albumsong` VALUES ('91', '183');
INSERT INTO `albumsong` VALUES ('91', '184');
INSERT INTO `albumsong` VALUES ('91', '185');
INSERT INTO `albumsong` VALUES ('91', '497');
INSERT INTO `albumsong` VALUES ('91', '498');
INSERT INTO `albumsong` VALUES ('91', '499');
INSERT INTO `albumsong` VALUES ('91', '500');
INSERT INTO `albumsong` VALUES ('91', '501');
INSERT INTO `albumsong` VALUES ('91', '502');
INSERT INTO `albumsong` VALUES ('91', '503');
INSERT INTO `albumsong` VALUES ('92', '176');
INSERT INTO `albumsong` VALUES ('92', '177');
INSERT INTO `albumsong` VALUES ('92', '178');
INSERT INTO `albumsong` VALUES ('92', '179');
INSERT INTO `albumsong` VALUES ('92', '180');
INSERT INTO `albumsong` VALUES ('92', '181');
INSERT INTO `albumsong` VALUES ('92', '182');
INSERT INTO `albumsong` VALUES ('92', '183');
INSERT INTO `albumsong` VALUES ('92', '184');
INSERT INTO `albumsong` VALUES ('92', '185');
INSERT INTO `albumsong` VALUES ('92', '497');
INSERT INTO `albumsong` VALUES ('92', '498');
INSERT INTO `albumsong` VALUES ('92', '499');
INSERT INTO `albumsong` VALUES ('92', '500');
INSERT INTO `albumsong` VALUES ('92', '501');
INSERT INTO `albumsong` VALUES ('92', '502');
INSERT INTO `albumsong` VALUES ('92', '503');
INSERT INTO `albumsong` VALUES ('93', '176');
INSERT INTO `albumsong` VALUES ('93', '177');
INSERT INTO `albumsong` VALUES ('93', '178');
INSERT INTO `albumsong` VALUES ('93', '179');
INSERT INTO `albumsong` VALUES ('93', '180');
INSERT INTO `albumsong` VALUES ('93', '181');
INSERT INTO `albumsong` VALUES ('93', '182');
INSERT INTO `albumsong` VALUES ('93', '183');
INSERT INTO `albumsong` VALUES ('93', '184');
INSERT INTO `albumsong` VALUES ('93', '185');
INSERT INTO `albumsong` VALUES ('93', '497');
INSERT INTO `albumsong` VALUES ('93', '498');
INSERT INTO `albumsong` VALUES ('93', '499');
INSERT INTO `albumsong` VALUES ('93', '500');
INSERT INTO `albumsong` VALUES ('93', '501');
INSERT INTO `albumsong` VALUES ('93', '502');
INSERT INTO `albumsong` VALUES ('93', '503');
INSERT INTO `albumsong` VALUES ('94', '176');
INSERT INTO `albumsong` VALUES ('94', '177');
INSERT INTO `albumsong` VALUES ('94', '178');
INSERT INTO `albumsong` VALUES ('94', '179');
INSERT INTO `albumsong` VALUES ('94', '180');
INSERT INTO `albumsong` VALUES ('94', '181');
INSERT INTO `albumsong` VALUES ('94', '182');
INSERT INTO `albumsong` VALUES ('94', '183');
INSERT INTO `albumsong` VALUES ('94', '184');
INSERT INTO `albumsong` VALUES ('94', '185');
INSERT INTO `albumsong` VALUES ('94', '497');
INSERT INTO `albumsong` VALUES ('94', '498');
INSERT INTO `albumsong` VALUES ('94', '499');
INSERT INTO `albumsong` VALUES ('94', '500');
INSERT INTO `albumsong` VALUES ('94', '501');
INSERT INTO `albumsong` VALUES ('94', '502');
INSERT INTO `albumsong` VALUES ('94', '503');
INSERT INTO `albumsong` VALUES ('95', '186');
INSERT INTO `albumsong` VALUES ('95', '187');
INSERT INTO `albumsong` VALUES ('95', '188');
INSERT INTO `albumsong` VALUES ('95', '189');
INSERT INTO `albumsong` VALUES ('95', '190');
INSERT INTO `albumsong` VALUES ('95', '191');
INSERT INTO `albumsong` VALUES ('95', '192');
INSERT INTO `albumsong` VALUES ('95', '193');
INSERT INTO `albumsong` VALUES ('95', '194');
INSERT INTO `albumsong` VALUES ('95', '195');
INSERT INTO `albumsong` VALUES ('95', '196');
INSERT INTO `albumsong` VALUES ('95', '197');
INSERT INTO `albumsong` VALUES ('95', '198');
INSERT INTO `albumsong` VALUES ('95', '199');
INSERT INTO `albumsong` VALUES ('95', '200');
INSERT INTO `albumsong` VALUES ('95', '201');
INSERT INTO `albumsong` VALUES ('95', '202');
INSERT INTO `albumsong` VALUES ('95', '203');
INSERT INTO `albumsong` VALUES ('95', '204');
INSERT INTO `albumsong` VALUES ('95', '205');
INSERT INTO `albumsong` VALUES ('95', '504');
INSERT INTO `albumsong` VALUES ('95', '505');
INSERT INTO `albumsong` VALUES ('95', '506');
INSERT INTO `albumsong` VALUES ('95', '507');
INSERT INTO `albumsong` VALUES ('95', '508');
INSERT INTO `albumsong` VALUES ('95', '509');
INSERT INTO `albumsong` VALUES ('95', '510');
INSERT INTO `albumsong` VALUES ('95', '511');
INSERT INTO `albumsong` VALUES ('95', '512');
INSERT INTO `albumsong` VALUES ('95', '513');
INSERT INTO `albumsong` VALUES ('96', '186');
INSERT INTO `albumsong` VALUES ('96', '187');
INSERT INTO `albumsong` VALUES ('96', '188');
INSERT INTO `albumsong` VALUES ('96', '189');
INSERT INTO `albumsong` VALUES ('96', '190');
INSERT INTO `albumsong` VALUES ('96', '191');
INSERT INTO `albumsong` VALUES ('96', '192');
INSERT INTO `albumsong` VALUES ('96', '193');
INSERT INTO `albumsong` VALUES ('96', '194');
INSERT INTO `albumsong` VALUES ('96', '195');
INSERT INTO `albumsong` VALUES ('96', '196');
INSERT INTO `albumsong` VALUES ('96', '197');
INSERT INTO `albumsong` VALUES ('96', '198');
INSERT INTO `albumsong` VALUES ('96', '199');
INSERT INTO `albumsong` VALUES ('96', '200');
INSERT INTO `albumsong` VALUES ('96', '201');
INSERT INTO `albumsong` VALUES ('96', '202');
INSERT INTO `albumsong` VALUES ('96', '203');
INSERT INTO `albumsong` VALUES ('96', '204');
INSERT INTO `albumsong` VALUES ('96', '205');
INSERT INTO `albumsong` VALUES ('96', '504');
INSERT INTO `albumsong` VALUES ('96', '505');
INSERT INTO `albumsong` VALUES ('96', '506');
INSERT INTO `albumsong` VALUES ('96', '507');
INSERT INTO `albumsong` VALUES ('96', '508');
INSERT INTO `albumsong` VALUES ('96', '509');
INSERT INTO `albumsong` VALUES ('96', '510');
INSERT INTO `albumsong` VALUES ('96', '511');
INSERT INTO `albumsong` VALUES ('96', '512');
INSERT INTO `albumsong` VALUES ('96', '513');
INSERT INTO `albumsong` VALUES ('97', '186');
INSERT INTO `albumsong` VALUES ('97', '187');
INSERT INTO `albumsong` VALUES ('97', '188');
INSERT INTO `albumsong` VALUES ('97', '189');
INSERT INTO `albumsong` VALUES ('97', '190');
INSERT INTO `albumsong` VALUES ('97', '191');
INSERT INTO `albumsong` VALUES ('97', '192');
INSERT INTO `albumsong` VALUES ('97', '193');
INSERT INTO `albumsong` VALUES ('97', '194');
INSERT INTO `albumsong` VALUES ('97', '195');
INSERT INTO `albumsong` VALUES ('97', '196');
INSERT INTO `albumsong` VALUES ('97', '197');
INSERT INTO `albumsong` VALUES ('97', '198');
INSERT INTO `albumsong` VALUES ('97', '199');
INSERT INTO `albumsong` VALUES ('97', '200');
INSERT INTO `albumsong` VALUES ('97', '201');
INSERT INTO `albumsong` VALUES ('97', '202');
INSERT INTO `albumsong` VALUES ('97', '203');
INSERT INTO `albumsong` VALUES ('97', '204');
INSERT INTO `albumsong` VALUES ('97', '205');
INSERT INTO `albumsong` VALUES ('97', '504');
INSERT INTO `albumsong` VALUES ('97', '505');
INSERT INTO `albumsong` VALUES ('97', '506');
INSERT INTO `albumsong` VALUES ('97', '507');
INSERT INTO `albumsong` VALUES ('97', '508');
INSERT INTO `albumsong` VALUES ('97', '509');
INSERT INTO `albumsong` VALUES ('97', '510');
INSERT INTO `albumsong` VALUES ('97', '511');
INSERT INTO `albumsong` VALUES ('97', '512');
INSERT INTO `albumsong` VALUES ('97', '513');
INSERT INTO `albumsong` VALUES ('98', '186');
INSERT INTO `albumsong` VALUES ('98', '187');
INSERT INTO `albumsong` VALUES ('98', '188');
INSERT INTO `albumsong` VALUES ('98', '189');
INSERT INTO `albumsong` VALUES ('98', '190');
INSERT INTO `albumsong` VALUES ('98', '191');
INSERT INTO `albumsong` VALUES ('98', '192');
INSERT INTO `albumsong` VALUES ('98', '193');
INSERT INTO `albumsong` VALUES ('98', '194');
INSERT INTO `albumsong` VALUES ('98', '195');
INSERT INTO `albumsong` VALUES ('98', '196');
INSERT INTO `albumsong` VALUES ('98', '197');
INSERT INTO `albumsong` VALUES ('98', '198');
INSERT INTO `albumsong` VALUES ('98', '199');
INSERT INTO `albumsong` VALUES ('98', '200');
INSERT INTO `albumsong` VALUES ('98', '201');
INSERT INTO `albumsong` VALUES ('98', '202');
INSERT INTO `albumsong` VALUES ('98', '203');
INSERT INTO `albumsong` VALUES ('98', '204');
INSERT INTO `albumsong` VALUES ('98', '205');
INSERT INTO `albumsong` VALUES ('98', '504');
INSERT INTO `albumsong` VALUES ('98', '505');
INSERT INTO `albumsong` VALUES ('98', '506');
INSERT INTO `albumsong` VALUES ('98', '507');
INSERT INTO `albumsong` VALUES ('98', '508');
INSERT INTO `albumsong` VALUES ('98', '509');
INSERT INTO `albumsong` VALUES ('98', '510');
INSERT INTO `albumsong` VALUES ('98', '511');
INSERT INTO `albumsong` VALUES ('98', '512');
INSERT INTO `albumsong` VALUES ('98', '513');
INSERT INTO `albumsong` VALUES ('99', '186');
INSERT INTO `albumsong` VALUES ('99', '187');
INSERT INTO `albumsong` VALUES ('99', '188');
INSERT INTO `albumsong` VALUES ('99', '189');
INSERT INTO `albumsong` VALUES ('99', '190');
INSERT INTO `albumsong` VALUES ('99', '191');
INSERT INTO `albumsong` VALUES ('99', '192');
INSERT INTO `albumsong` VALUES ('99', '193');
INSERT INTO `albumsong` VALUES ('99', '194');
INSERT INTO `albumsong` VALUES ('99', '195');
INSERT INTO `albumsong` VALUES ('99', '196');
INSERT INTO `albumsong` VALUES ('99', '197');
INSERT INTO `albumsong` VALUES ('99', '198');
INSERT INTO `albumsong` VALUES ('99', '199');
INSERT INTO `albumsong` VALUES ('99', '200');
INSERT INTO `albumsong` VALUES ('99', '201');
INSERT INTO `albumsong` VALUES ('99', '202');
INSERT INTO `albumsong` VALUES ('99', '203');
INSERT INTO `albumsong` VALUES ('99', '204');
INSERT INTO `albumsong` VALUES ('99', '205');
INSERT INTO `albumsong` VALUES ('99', '504');
INSERT INTO `albumsong` VALUES ('99', '505');
INSERT INTO `albumsong` VALUES ('99', '506');
INSERT INTO `albumsong` VALUES ('99', '507');
INSERT INTO `albumsong` VALUES ('99', '508');
INSERT INTO `albumsong` VALUES ('99', '509');
INSERT INTO `albumsong` VALUES ('99', '510');
INSERT INTO `albumsong` VALUES ('99', '511');
INSERT INTO `albumsong` VALUES ('99', '512');
INSERT INTO `albumsong` VALUES ('99', '513');
INSERT INTO `albumsong` VALUES ('100', '186');
INSERT INTO `albumsong` VALUES ('100', '187');
INSERT INTO `albumsong` VALUES ('100', '188');
INSERT INTO `albumsong` VALUES ('100', '189');
INSERT INTO `albumsong` VALUES ('100', '190');
INSERT INTO `albumsong` VALUES ('100', '191');
INSERT INTO `albumsong` VALUES ('100', '192');
INSERT INTO `albumsong` VALUES ('100', '193');
INSERT INTO `albumsong` VALUES ('100', '194');
INSERT INTO `albumsong` VALUES ('100', '195');
INSERT INTO `albumsong` VALUES ('100', '196');
INSERT INTO `albumsong` VALUES ('100', '197');
INSERT INTO `albumsong` VALUES ('100', '198');
INSERT INTO `albumsong` VALUES ('100', '199');
INSERT INTO `albumsong` VALUES ('100', '200');
INSERT INTO `albumsong` VALUES ('100', '201');
INSERT INTO `albumsong` VALUES ('100', '202');
INSERT INTO `albumsong` VALUES ('100', '203');
INSERT INTO `albumsong` VALUES ('100', '204');
INSERT INTO `albumsong` VALUES ('100', '205');
INSERT INTO `albumsong` VALUES ('100', '504');
INSERT INTO `albumsong` VALUES ('100', '505');
INSERT INTO `albumsong` VALUES ('100', '506');
INSERT INTO `albumsong` VALUES ('100', '507');
INSERT INTO `albumsong` VALUES ('100', '508');
INSERT INTO `albumsong` VALUES ('100', '509');
INSERT INTO `albumsong` VALUES ('100', '510');
INSERT INTO `albumsong` VALUES ('100', '511');
INSERT INTO `albumsong` VALUES ('100', '512');
INSERT INTO `albumsong` VALUES ('100', '513');
INSERT INTO `albumsong` VALUES ('101', '186');
INSERT INTO `albumsong` VALUES ('101', '187');
INSERT INTO `albumsong` VALUES ('101', '188');
INSERT INTO `albumsong` VALUES ('101', '189');
INSERT INTO `albumsong` VALUES ('101', '190');
INSERT INTO `albumsong` VALUES ('101', '191');
INSERT INTO `albumsong` VALUES ('101', '192');
INSERT INTO `albumsong` VALUES ('101', '193');
INSERT INTO `albumsong` VALUES ('101', '194');
INSERT INTO `albumsong` VALUES ('101', '195');
INSERT INTO `albumsong` VALUES ('101', '196');
INSERT INTO `albumsong` VALUES ('101', '197');
INSERT INTO `albumsong` VALUES ('101', '198');
INSERT INTO `albumsong` VALUES ('101', '199');
INSERT INTO `albumsong` VALUES ('101', '200');
INSERT INTO `albumsong` VALUES ('101', '201');
INSERT INTO `albumsong` VALUES ('101', '202');
INSERT INTO `albumsong` VALUES ('101', '203');
INSERT INTO `albumsong` VALUES ('101', '204');
INSERT INTO `albumsong` VALUES ('101', '205');
INSERT INTO `albumsong` VALUES ('101', '504');
INSERT INTO `albumsong` VALUES ('101', '505');
INSERT INTO `albumsong` VALUES ('101', '506');
INSERT INTO `albumsong` VALUES ('101', '507');
INSERT INTO `albumsong` VALUES ('101', '508');
INSERT INTO `albumsong` VALUES ('101', '509');
INSERT INTO `albumsong` VALUES ('101', '510');
INSERT INTO `albumsong` VALUES ('101', '511');
INSERT INTO `albumsong` VALUES ('101', '512');
INSERT INTO `albumsong` VALUES ('101', '513');
INSERT INTO `albumsong` VALUES ('102', '186');
INSERT INTO `albumsong` VALUES ('102', '187');
INSERT INTO `albumsong` VALUES ('102', '188');
INSERT INTO `albumsong` VALUES ('102', '189');
INSERT INTO `albumsong` VALUES ('102', '190');
INSERT INTO `albumsong` VALUES ('102', '191');
INSERT INTO `albumsong` VALUES ('102', '192');
INSERT INTO `albumsong` VALUES ('102', '193');
INSERT INTO `albumsong` VALUES ('102', '194');
INSERT INTO `albumsong` VALUES ('102', '195');
INSERT INTO `albumsong` VALUES ('102', '196');
INSERT INTO `albumsong` VALUES ('102', '197');
INSERT INTO `albumsong` VALUES ('102', '198');
INSERT INTO `albumsong` VALUES ('102', '199');
INSERT INTO `albumsong` VALUES ('102', '200');
INSERT INTO `albumsong` VALUES ('102', '201');
INSERT INTO `albumsong` VALUES ('102', '202');
INSERT INTO `albumsong` VALUES ('102', '203');
INSERT INTO `albumsong` VALUES ('102', '204');
INSERT INTO `albumsong` VALUES ('102', '205');
INSERT INTO `albumsong` VALUES ('102', '504');
INSERT INTO `albumsong` VALUES ('102', '505');
INSERT INTO `albumsong` VALUES ('102', '506');
INSERT INTO `albumsong` VALUES ('102', '507');
INSERT INTO `albumsong` VALUES ('102', '508');
INSERT INTO `albumsong` VALUES ('102', '509');
INSERT INTO `albumsong` VALUES ('102', '510');
INSERT INTO `albumsong` VALUES ('102', '511');
INSERT INTO `albumsong` VALUES ('102', '512');
INSERT INTO `albumsong` VALUES ('102', '513');
INSERT INTO `albumsong` VALUES ('103', '186');
INSERT INTO `albumsong` VALUES ('103', '187');
INSERT INTO `albumsong` VALUES ('103', '188');
INSERT INTO `albumsong` VALUES ('103', '189');
INSERT INTO `albumsong` VALUES ('103', '190');
INSERT INTO `albumsong` VALUES ('103', '191');
INSERT INTO `albumsong` VALUES ('103', '192');
INSERT INTO `albumsong` VALUES ('103', '193');
INSERT INTO `albumsong` VALUES ('103', '194');
INSERT INTO `albumsong` VALUES ('103', '195');
INSERT INTO `albumsong` VALUES ('103', '196');
INSERT INTO `albumsong` VALUES ('103', '197');
INSERT INTO `albumsong` VALUES ('103', '198');
INSERT INTO `albumsong` VALUES ('103', '199');
INSERT INTO `albumsong` VALUES ('103', '200');
INSERT INTO `albumsong` VALUES ('103', '201');
INSERT INTO `albumsong` VALUES ('103', '202');
INSERT INTO `albumsong` VALUES ('103', '203');
INSERT INTO `albumsong` VALUES ('103', '204');
INSERT INTO `albumsong` VALUES ('103', '205');
INSERT INTO `albumsong` VALUES ('103', '504');
INSERT INTO `albumsong` VALUES ('103', '505');
INSERT INTO `albumsong` VALUES ('103', '506');
INSERT INTO `albumsong` VALUES ('103', '507');
INSERT INTO `albumsong` VALUES ('103', '508');
INSERT INTO `albumsong` VALUES ('103', '509');
INSERT INTO `albumsong` VALUES ('103', '510');
INSERT INTO `albumsong` VALUES ('103', '511');
INSERT INTO `albumsong` VALUES ('103', '512');
INSERT INTO `albumsong` VALUES ('103', '513');
INSERT INTO `albumsong` VALUES ('104', '186');
INSERT INTO `albumsong` VALUES ('104', '187');
INSERT INTO `albumsong` VALUES ('104', '188');
INSERT INTO `albumsong` VALUES ('104', '189');
INSERT INTO `albumsong` VALUES ('104', '190');
INSERT INTO `albumsong` VALUES ('104', '191');
INSERT INTO `albumsong` VALUES ('104', '192');
INSERT INTO `albumsong` VALUES ('104', '193');
INSERT INTO `albumsong` VALUES ('104', '194');
INSERT INTO `albumsong` VALUES ('104', '195');
INSERT INTO `albumsong` VALUES ('104', '196');
INSERT INTO `albumsong` VALUES ('104', '197');
INSERT INTO `albumsong` VALUES ('104', '198');
INSERT INTO `albumsong` VALUES ('104', '199');
INSERT INTO `albumsong` VALUES ('104', '200');
INSERT INTO `albumsong` VALUES ('104', '201');
INSERT INTO `albumsong` VALUES ('104', '202');
INSERT INTO `albumsong` VALUES ('104', '203');
INSERT INTO `albumsong` VALUES ('104', '204');
INSERT INTO `albumsong` VALUES ('104', '205');
INSERT INTO `albumsong` VALUES ('104', '504');
INSERT INTO `albumsong` VALUES ('104', '505');
INSERT INTO `albumsong` VALUES ('104', '506');
INSERT INTO `albumsong` VALUES ('104', '507');
INSERT INTO `albumsong` VALUES ('104', '508');
INSERT INTO `albumsong` VALUES ('104', '509');
INSERT INTO `albumsong` VALUES ('104', '510');
INSERT INTO `albumsong` VALUES ('104', '511');
INSERT INTO `albumsong` VALUES ('104', '512');
INSERT INTO `albumsong` VALUES ('104', '513');
INSERT INTO `albumsong` VALUES ('105', '186');
INSERT INTO `albumsong` VALUES ('105', '187');
INSERT INTO `albumsong` VALUES ('105', '188');
INSERT INTO `albumsong` VALUES ('105', '189');
INSERT INTO `albumsong` VALUES ('105', '190');
INSERT INTO `albumsong` VALUES ('105', '191');
INSERT INTO `albumsong` VALUES ('105', '192');
INSERT INTO `albumsong` VALUES ('105', '193');
INSERT INTO `albumsong` VALUES ('105', '194');
INSERT INTO `albumsong` VALUES ('105', '195');
INSERT INTO `albumsong` VALUES ('105', '196');
INSERT INTO `albumsong` VALUES ('105', '197');
INSERT INTO `albumsong` VALUES ('105', '198');
INSERT INTO `albumsong` VALUES ('105', '199');
INSERT INTO `albumsong` VALUES ('105', '200');
INSERT INTO `albumsong` VALUES ('105', '201');
INSERT INTO `albumsong` VALUES ('105', '202');
INSERT INTO `albumsong` VALUES ('105', '203');
INSERT INTO `albumsong` VALUES ('105', '204');
INSERT INTO `albumsong` VALUES ('105', '205');
INSERT INTO `albumsong` VALUES ('105', '504');
INSERT INTO `albumsong` VALUES ('105', '505');
INSERT INTO `albumsong` VALUES ('105', '506');
INSERT INTO `albumsong` VALUES ('105', '507');
INSERT INTO `albumsong` VALUES ('105', '508');
INSERT INTO `albumsong` VALUES ('105', '509');
INSERT INTO `albumsong` VALUES ('105', '510');
INSERT INTO `albumsong` VALUES ('105', '511');
INSERT INTO `albumsong` VALUES ('105', '512');
INSERT INTO `albumsong` VALUES ('105', '513');
INSERT INTO `albumsong` VALUES ('106', '186');
INSERT INTO `albumsong` VALUES ('106', '187');
INSERT INTO `albumsong` VALUES ('106', '188');
INSERT INTO `albumsong` VALUES ('106', '189');
INSERT INTO `albumsong` VALUES ('106', '190');
INSERT INTO `albumsong` VALUES ('106', '191');
INSERT INTO `albumsong` VALUES ('106', '192');
INSERT INTO `albumsong` VALUES ('106', '193');
INSERT INTO `albumsong` VALUES ('106', '194');
INSERT INTO `albumsong` VALUES ('106', '195');
INSERT INTO `albumsong` VALUES ('106', '196');
INSERT INTO `albumsong` VALUES ('106', '197');
INSERT INTO `albumsong` VALUES ('106', '198');
INSERT INTO `albumsong` VALUES ('106', '199');
INSERT INTO `albumsong` VALUES ('106', '200');
INSERT INTO `albumsong` VALUES ('106', '201');
INSERT INTO `albumsong` VALUES ('106', '202');
INSERT INTO `albumsong` VALUES ('106', '504');

-- ----------------------------
-- Table structure for `scanedlink`
-- ----------------------------
DROP TABLE IF EXISTS `scanedlink`;
CREATE TABLE `scanedlink` (
  `id` int(11) NOT NULL,
  `source` varchar(5555) NOT NULL,
  PRIMARY KEY (`id`)
) ENGINE=InnoDB DEFAULT CHARSET=utf8;

-- ----------------------------
-- Records of scanedlink
-- ----------------------------

-- ----------------------------
-- Table structure for `song`
-- ----------------------------
DROP TABLE IF EXISTS `song`;
CREATE TABLE `song` (
  `id` int(11) NOT NULL AUTO_INCREMENT,
  `title` varchar(555) NOT NULL,
  `source` varchar(555) NOT NULL,
  `sourceType` varchar(555) NOT NULL,
  `description` varchar(5555) DEFAULT NULL,
  `createdTime` date NOT NULL,
  `modifyTime` date NOT NULL,
  PRIMARY KEY (`id`),
  KEY `indexit` (`source`(255),`id`) USING BTREE
) ENGINE=InnoDB AUTO_INCREMENT=514 DEFAULT CHARSET=utf8;

-- ----------------------------
-- Records of song
-- ----------------------------
INSERT INTO `song` VALUES ('174', 'lele', 'mp3.zing.vn', 'zing', null, '2013-06-02', '2013-06-02');
INSERT INTO `song` VALUES ('175', 'lele tiếng việt có dấu', 'mp3.zing.vn củ chuối chấm vi nen', 'zing', null, '2013-06-02', '2013-06-02');
INSERT INTO `song` VALUES ('176', 'Gangnam Style!', 'http://download.chiasenhac.com/download.php?m=1015379', 'chiasenhac', null, '2013-06-02', '2013-06-02');
INSERT INTO `song` VALUES ('177', 'Nô Lệ Tình Yêu', 'http://download.chiasenhac.com/download.php?m=1065751', 'chiasenhac', null, '2013-06-02', '2013-06-02');
INSERT INTO `song` VALUES ('178', 'Chuyện Tình Trên Facebook', 'http://download.chiasenhac.com/download.php?m=1090905', 'chiasenhac', null, '2013-06-02', '2013-06-02');
INSERT INTO `song` VALUES ('179', 'Wolf (Korean Version)', 'http://download.chiasenhac.com/download.php?m=1096565', 'chiasenhac', null, '2013-06-02', '2013-06-02');
INSERT INTO `song` VALUES ('180', 'Người Tôi Yêu', 'http://download.chiasenhac.com/download.php?m=1076736', 'chiasenhac', null, '2013-06-02', '2013-06-02');
INSERT INTO `song` VALUES ('181', 'Vì Em Quá Yêu Anh', 'http://download.chiasenhac.com/download.php?m=1076075', 'chiasenhac', null, '2013-06-02', '2013-06-02');
INSERT INTO `song` VALUES ('182', 'Gentleman', 'http://download.chiasenhac.com/download.php?m=1081483', 'chiasenhac', null, '2013-06-02', '2013-06-02');
INSERT INTO `song` VALUES ('183', 'Nhốt Em Vào Tim', 'http://download.chiasenhac.com/download.php?m=1043654', 'chiasenhac', null, '2013-06-02', '2013-06-02');
INSERT INTO `song` VALUES ('184', 'Anh Nhớ Em', 'http://download.chiasenhac.com/download.php?m=1068774', 'chiasenhac', null, '2013-06-02', '2013-06-02');
INSERT INTO `song` VALUES ('185', 'Người Quan Trọng Nhất', 'http://download.chiasenhac.com/download.php?m=1095225', 'chiasenhac', null, '2013-06-02', '2013-06-02');
INSERT INTO `song` VALUES ('186', 'Em Không Quay Về', 'http://download.chiasenhac.com/download.php?m=1096075', 'chiasenhac', null, '2013-06-02', '2013-06-02');
INSERT INTO `song` VALUES ('187', 'Lặng Thầm Yêu', 'http://download.chiasenhac.com/download.php?m=1031185', 'chiasenhac', null, '2013-06-02', '2013-06-02');
INSERT INTO `song` VALUES ('188', 'Người Tôi Yêu', 'http://download.chiasenhac.com/download.php?m=92023', 'chiasenhac', null, '2013-06-02', '2013-06-02');
INSERT INTO `song` VALUES ('189', 'Người Ấy', 'http://download.chiasenhac.com/download.php?m=1058969', 'chiasenhac', null, '2013-06-02', '2013-06-02');
INSERT INTO `song` VALUES ('190', 'Hối Tiếc Muộn Màng', 'http://download.chiasenhac.com/download.php?m=93408', 'chiasenhac', null, '2013-06-02', '2013-06-02');
INSERT INTO `song` VALUES ('191', 'Lắng Nghe Nước Mắt', 'http://download.chiasenhac.com/download.php?m=1062219', 'chiasenhac', null, '2013-06-02', '2013-06-02');
INSERT INTO `song` VALUES ('192', 'Chờ Ngày Mưa Tan', 'http://download.chiasenhac.com/download.php?m=93088', 'chiasenhac', null, '2013-06-02', '2013-06-02');
INSERT INTO `song` VALUES ('193', 'Học Cách Đi Một Mình', 'http://download.chiasenhac.com/download.php?m=1069715', 'chiasenhac', null, '2013-06-02', '2013-06-02');
INSERT INTO `song` VALUES ('194', 'Anh Nhớ Em', 'http://download.chiasenhac.com/download.php?m=1067021', 'chiasenhac', null, '2013-06-02', '2013-06-02');
INSERT INTO `song` VALUES ('195', 'Ngày Ấy Bạn Và Tôi', 'http://download.chiasenhac.com/download.php?m=1026108', 'chiasenhac', null, '2013-06-02', '2013-06-02');
INSERT INTO `song` VALUES ('196', 'Ngàn Nỗi Nhớ Gửi Đến Em', 'http://download.chiasenhac.com/download.php?m=1085329', 'chiasenhac', null, '2013-06-02', '2013-06-02');
INSERT INTO `song` VALUES ('197', 'Không Cảm Xúc', 'http://download.chiasenhac.com/download.php?m=1080530', 'chiasenhac', null, '2013-06-02', '2013-06-02');
INSERT INTO `song` VALUES ('198', 'Chờ Người Nơi Ấy', 'http://download.chiasenhac.com/download.php?m=1083715', 'chiasenhac', null, '2013-06-02', '2013-06-02');
INSERT INTO `song` VALUES ('199', 'Túp Lều Lý Tưởng (Remix)', 'http://download.chiasenhac.com/download.php?m=1066043', 'chiasenhac', null, '2013-06-02', '2013-06-02');
INSERT INTO `song` VALUES ('200', 'Sương Trắng Miền Quê Ngoại', 'http://download.chiasenhac.com/download.php?m=1027969', 'chiasenhac', null, '2013-06-02', '2013-06-02');
INSERT INTO `song` VALUES ('201', 'Nơi Tình Yêu Bắt Đầu', 'http://download.chiasenhac.com/download.php?m=1025225', 'chiasenhac', null, '2013-06-02', '2013-06-02');
INSERT INTO `song` VALUES ('202', 'Tình Yêu Màu Nắng', 'http://download.chiasenhac.com/download.php?m=93788', 'chiasenhac', null, '2013-06-02', '2013-06-02');
INSERT INTO `song` VALUES ('203', 'Sầu Tím Thiệp Hồng', 'http://download.chiasenhac.com/download.php?m=1000824', 'chiasenhac', null, '2013-06-02', '2013-06-02');
INSERT INTO `song` VALUES ('204', 'Nơi Tình Yêu Kết Thúc', 'http://download.chiasenhac.com/download.php?m=1090126', 'chiasenhac', null, '2013-06-02', '2013-06-02');
INSERT INTO `song` VALUES ('205', 'Cơn Mưa Ngang Qua', 'http://download.chiasenhac.com/download.php?m=1064301', 'chiasenhac', null, '2013-06-02', '2013-06-02');
INSERT INTO `song` VALUES ('206', 'Nhớ Ơn Bác', 'http://download.chiasenhac.com/download.php?m=1097453', 'chiasenhac', null, '2013-06-02', '2013-06-02');
INSERT INTO `song` VALUES ('207', 'Nguyễn Bá Ngọc Người Thiếu Niên Dũng Cảm', 'http://download.chiasenhac.com/download.php?m=1097454', 'chiasenhac', null, '2013-06-02', '2013-06-02');
INSERT INTO `song` VALUES ('208', 'Reo Vang Bình Minh', 'http://download.chiasenhac.com/download.php?m=1097455', 'chiasenhac', null, '2013-06-02', '2013-06-02');
INSERT INTO `song` VALUES ('209', 'Tấm Ảnh Bác Hồ', 'http://download.chiasenhac.com/download.php?m=1097456', 'chiasenhac', null, '2013-06-02', '2013-06-02');
INSERT INTO `song` VALUES ('210', 'Thiếu Nhi Thế Giới Liên Hoan', 'http://download.chiasenhac.com/download.php?m=1097457', 'chiasenhac', null, '2013-06-02', '2013-06-02');
INSERT INTO `song` VALUES ('211', 'Tia Nắng Hạt Mưa', 'http://download.chiasenhac.com/download.php?m=1097458', 'chiasenhac', null, '2013-06-02', '2013-06-02');
INSERT INTO `song` VALUES ('212', 'Tiếng Chim Trong Vườn Bác', 'http://download.chiasenhac.com/download.php?m=1097459', 'chiasenhac', null, '2013-06-02', '2013-06-02');
INSERT INTO `song` VALUES ('213', 'Tiến Lên Đoàn Viên', 'http://download.chiasenhac.com/download.php?m=1097460', 'chiasenhac', null, '2013-06-02', '2013-06-02');
INSERT INTO `song` VALUES ('214', 'Trái Đất Này Của Chúng Mình', 'http://download.chiasenhac.com/download.php?m=1097461', 'chiasenhac', null, '2013-06-02', '2013-06-02');
INSERT INTO `song` VALUES ('215', 'Trẻ Em Hôm Nay Thế Giới Ngày Mai', 'http://download.chiasenhac.com/download.php?m=1097462', 'chiasenhac', null, '2013-06-02', '2013-06-02');
INSERT INTO `song` VALUES ('216', 'Tre Ngà Bên Lăng Bác', 'http://download.chiasenhac.com/download.php?m=1097463', 'chiasenhac', null, '2013-06-02', '2013-06-02');
INSERT INTO `song` VALUES ('217', 'Trường Làng Tôi', 'http://download.chiasenhac.com/download.php?m=1097464', 'chiasenhac', null, '2013-06-02', '2013-06-02');
INSERT INTO `song` VALUES ('218', 'Từ Rừng Xanh Cháu Về Thăm Lăng Bác', 'http://download.chiasenhac.com/download.php?m=1097465', 'chiasenhac', null, '2013-06-02', '2013-06-02');
INSERT INTO `song` VALUES ('219', 'Đưa Cơm Cho Mẹ Đi Cày', 'http://download.chiasenhac.com/download.php?m=1097440', 'chiasenhac', null, '2013-06-02', '2013-06-02');
INSERT INTO `song` VALUES ('220', 'Em Bay Trong Đêm Pháo Hoa', 'http://download.chiasenhac.com/download.php?m=1097441', 'chiasenhac', null, '2013-06-02', '2013-06-02');
INSERT INTO `song` VALUES ('221', 'Em Đi Giữa Biển Vàng', 'http://download.chiasenhac.com/download.php?m=1097442', 'chiasenhac', null, '2013-06-02', '2013-06-02');
INSERT INTO `song` VALUES ('222', 'Em Đi Trong Tươi Xanh', 'http://download.chiasenhac.com/download.php?m=1097443', 'chiasenhac', null, '2013-06-02', '2013-06-02');
INSERT INTO `song` VALUES ('223', 'Em Làm Kế Hoạch Nhỏ', 'http://download.chiasenhac.com/download.php?m=1097444', 'chiasenhac', null, '2013-06-02', '2013-06-02');
INSERT INTO `song` VALUES ('224', 'Em Là Bông Hồng Nhỏ', 'http://download.chiasenhac.com/download.php?m=1097445', 'chiasenhac', null, '2013-06-02', '2013-06-02');
INSERT INTO `song` VALUES ('225', 'Em Là Mầm Non Của Đảng', 'http://download.chiasenhac.com/download.php?m=1097446', 'chiasenhac', null, '2013-06-02', '2013-06-02');
INSERT INTO `song` VALUES ('226', 'Em Như Chim Câu Trắng', 'http://download.chiasenhac.com/download.php?m=1097447', 'chiasenhac', null, '2013-06-02', '2013-06-02');
INSERT INTO `song` VALUES ('227', 'Em Yêu Trường Em', 'http://download.chiasenhac.com/download.php?m=1097448', 'chiasenhac', null, '2013-06-02', '2013-06-02');
INSERT INTO `song` VALUES ('228', 'Gặp Nhau Giữa Mùa Thu Hà Nội', 'http://download.chiasenhac.com/download.php?m=1097449', 'chiasenhac', null, '2013-06-02', '2013-06-02');
INSERT INTO `song` VALUES ('229', 'Hành Khúc Đội Thiếu Niên Tiền Phong Hồ Chí Minh', 'http://download.chiasenhac.com/download.php?m=1097450', 'chiasenhac', null, '2013-06-02', '2013-06-02');
INSERT INTO `song` VALUES ('230', 'Hạt Gạo Làng Ta', 'http://download.chiasenhac.com/download.php?m=1097451', 'chiasenhac', null, '2013-06-02', '2013-06-02');
INSERT INTO `song` VALUES ('231', 'Hoa Thơm Dâng Bác', 'http://download.chiasenhac.com/download.php?m=1097452', 'chiasenhac', null, '2013-06-02', '2013-06-02');
INSERT INTO `song` VALUES ('232', 'When I Close My Eyes (Aly; Fila Remix)', 'http://download.chiasenhac.com/download.php?m=1097107', 'chiasenhac', null, '2013-06-02', '2013-06-02');
INSERT INTO `song` VALUES ('233', 'When You Were Around (Lange Remix)', 'http://download.chiasenhac.com/download.php?m=1097108', 'chiasenhac', null, '2013-06-02', '2013-06-02');
INSERT INTO `song` VALUES ('234', 'Departures (Original Mix)', 'http://download.chiasenhac.com/download.php?m=1097109', 'chiasenhac', null, '2013-06-02', '2013-06-02');
INSERT INTO `song` VALUES ('235', 'Sand Theme: Fsoe 250 Anthem (Original Mix)', 'http://download.chiasenhac.com/download.php?m=1097110', 'chiasenhac', null, '2013-06-02', '2013-06-02');
INSERT INTO `song` VALUES ('236', 'Hole In The Sky (Arctic Moon Remix)', 'http://download.chiasenhac.com/download.php?m=1097111', 'chiasenhac', null, '2013-06-02', '2013-06-02');
INSERT INTO `song` VALUES ('237', 'Reason (Tomas Heredia Remix)', 'http://download.chiasenhac.com/download.php?m=1097112', 'chiasenhac', null, '2013-06-02', '2013-06-02');
INSERT INTO `song` VALUES ('238', 'Get The Edge (Original Mix)', 'http://download.chiasenhac.com/download.php?m=1097113', 'chiasenhac', null, '2013-06-02', '2013-06-02');
INSERT INTO `song` VALUES ('239', 'Lost For Words (Snatt; Vix Remix)', 'http://download.chiasenhac.com/download.php?m=1097114', 'chiasenhac', null, '2013-06-02', '2013-06-02');
INSERT INTO `song` VALUES ('240', 'Class War (Original Mix)', 'http://download.chiasenhac.com/download.php?m=1097115', 'chiasenhac', null, '2013-06-02', '2013-06-02');
INSERT INTO `song` VALUES ('241', 'Lancelot (Original Mix)', 'http://download.chiasenhac.com/download.php?m=1097116', 'chiasenhac', null, '2013-06-02', '2013-06-02');
INSERT INTO `song` VALUES ('242', 'The Journey (Original Mix)', 'http://download.chiasenhac.com/download.php?m=1097117', 'chiasenhac', null, '2013-06-02', '2013-06-02');
INSERT INTO `song` VALUES ('243', 'Flight To Basu (Original Mix)', 'http://download.chiasenhac.com/download.php?m=1097118', 'chiasenhac', null, '2013-06-02', '2013-06-02');
INSERT INTO `song` VALUES ('244', 'Mence (Original Mix)', 'http://download.chiasenhac.com/download.php?m=1097119', 'chiasenhac', null, '2013-06-02', '2013-06-02');
INSERT INTO `song` VALUES ('245', 'Island (Kim Svärd Remix)', 'http://download.chiasenhac.com/download.php?m=1097120', 'chiasenhac', null, '2013-06-02', '2013-06-02');
INSERT INTO `song` VALUES ('246', 'Carved By Your Hands (Original Mix)', 'http://download.chiasenhac.com/download.php?m=1097121', 'chiasenhac', null, '2013-06-02', '2013-06-02');
INSERT INTO `song` VALUES ('247', 'Nghìn Trùng Xa Cách', 'http://download.chiasenhac.com/download.php?m=1096580', 'chiasenhac', null, '2013-06-02', '2013-06-02');
INSERT INTO `song` VALUES ('248', 'Em Lễ Chùa Này', 'http://download.chiasenhac.com/download.php?m=1096581', 'chiasenhac', null, '2013-06-02', '2013-06-02');
INSERT INTO `song` VALUES ('249', 'Kiếp Nào Có Yêu Nhau', 'http://download.chiasenhac.com/download.php?m=1096582', 'chiasenhac', null, '2013-06-02', '2013-06-02');
INSERT INTO `song` VALUES ('250', 'Đừng Bỏ Em Một Mình', 'http://download.chiasenhac.com/download.php?m=1096583', 'chiasenhac', null, '2013-06-02', '2013-06-02');
INSERT INTO `song` VALUES ('251', 'Nếu Một Mai Em Sẽ Qua Đời', 'http://download.chiasenhac.com/download.php?m=1096584', 'chiasenhac', null, '2013-06-02', '2013-06-02');
INSERT INTO `song` VALUES ('252', 'Làm Sao Mà Quên Được', 'http://download.chiasenhac.com/download.php?m=1096585', 'chiasenhac', null, '2013-06-02', '2013-06-02');
INSERT INTO `song` VALUES ('253', 'Đường Em Đi', 'http://download.chiasenhac.com/download.php?m=1096586', 'chiasenhac', null, '2013-06-02', '2013-06-02');
INSERT INTO `song` VALUES ('254', 'Còn Gì Nữa Đâu', 'http://download.chiasenhac.com/download.php?m=1096587', 'chiasenhac', null, '2013-06-02', '2013-06-02');
INSERT INTO `song` VALUES ('255', 'Đừng Xa Nhau', 'http://download.chiasenhac.com/download.php?m=1096588', 'chiasenhac', null, '2013-06-02', '2013-06-02');
INSERT INTO `song` VALUES ('256', 'Ai Yêu Bác Hồ Chí Minh Hơn Thiếu Niên Nhi Đồng', 'http://download.chiasenhac.com/download.php?m=1097412', 'chiasenhac', null, '2013-06-02', '2013-06-02');
INSERT INTO `song` VALUES ('257', 'Bác Hồ Người Cho Em Tất Cả', 'http://download.chiasenhac.com/download.php?m=1097413', 'chiasenhac', null, '2013-06-02', '2013-06-02');
INSERT INTO `song` VALUES ('258', 'Bàn Tay Mẹ', 'http://download.chiasenhac.com/download.php?m=1097414', 'chiasenhac', null, '2013-06-02', '2013-06-02');
INSERT INTO `song` VALUES ('259', 'Bụi Phấn', 'http://download.chiasenhac.com/download.php?m=1097415', 'chiasenhac', null, '2013-06-02', '2013-06-02');
INSERT INTO `song` VALUES ('260', 'Ca ngợi Tổ Quốc', 'http://download.chiasenhac.com/download.php?m=1097416', 'chiasenhac', null, '2013-06-02', '2013-06-02');
INSERT INTO `song` VALUES ('261', 'Chiếc Đèn Ông Sao', 'http://download.chiasenhac.com/download.php?m=1097417', 'chiasenhac', null, '2013-06-02', '2013-06-02');
INSERT INTO `song` VALUES ('262', 'Cánh Chim Tuổi Thơ', 'http://download.chiasenhac.com/download.php?m=1097418', 'chiasenhac', null, '2013-06-02', '2013-06-02');
INSERT INTO `song` VALUES ('263', 'Cánh Én Tuổi Thơ', 'http://download.chiasenhac.com/download.php?m=1097419', 'chiasenhac', null, '2013-06-02', '2013-06-02');
INSERT INTO `song` VALUES ('264', 'Cho Con', 'http://download.chiasenhac.com/download.php?m=1097420', 'chiasenhac', null, '2013-06-02', '2013-06-02');
INSERT INTO `song` VALUES ('265', 'Dàn Đồng Ca Mùa Hạ', 'http://download.chiasenhac.com/download.php?m=1097421', 'chiasenhac', null, '2013-06-02', '2013-06-02');
INSERT INTO `song` VALUES ('266', 'Đếm Sao', 'http://download.chiasenhac.com/download.php?m=1097422', 'chiasenhac', null, '2013-06-02', '2013-06-02');
INSERT INTO `song` VALUES ('267', 'Đi Học', 'http://download.chiasenhac.com/download.php?m=1097423', 'chiasenhac', null, '2013-06-02', '2013-06-02');
INSERT INTO `song` VALUES ('268', 'Đội Ta Lớn Lên Cùng Đất Nước', 'http://download.chiasenhac.com/download.php?m=1097424', 'chiasenhac', null, '2013-06-02', '2013-06-02');
INSERT INTO `song` VALUES ('269', 'Khăn Quàng Thắm Vai Em', 'http://download.chiasenhac.com/download.php?m=1097385', 'chiasenhac', null, '2013-06-02', '2013-06-02');
INSERT INTO `song` VALUES ('270', 'Khi Tóc Thầy Bạc Trắng', 'http://download.chiasenhac.com/download.php?m=1097386', 'chiasenhac', null, '2013-06-02', '2013-06-02');
INSERT INTO `song` VALUES ('271', 'Không Dám Đâu', 'http://download.chiasenhac.com/download.php?m=1097387', 'chiasenhac', null, '2013-06-02', '2013-06-02');
INSERT INTO `song` VALUES ('272', 'Kim Đồng', 'http://download.chiasenhac.com/download.php?m=1097388', 'chiasenhac', null, '2013-06-02', '2013-06-02');
INSERT INTO `song` VALUES ('273', 'Màu Áo Chú Bộ Đội', 'http://download.chiasenhac.com/download.php?m=1097389', 'chiasenhac', null, '2013-06-02', '2013-06-02');
INSERT INTO `song` VALUES ('274', 'Màu Mực Tím', 'http://download.chiasenhac.com/download.php?m=1097390', 'chiasenhac', null, '2013-06-02', '2013-06-02');
INSERT INTO `song` VALUES ('275', 'Mơ Ước Ngày Mai', 'http://download.chiasenhac.com/download.php?m=1097391', 'chiasenhac', null, '2013-06-02', '2013-06-02');
INSERT INTO `song` VALUES ('276', 'Mùa Hoa Phượng Nở', 'http://download.chiasenhac.com/download.php?m=1097392', 'chiasenhac', null, '2013-06-02', '2013-06-02');
INSERT INTO `song` VALUES ('277', 'Mùa Xuân Tình Bạn', 'http://download.chiasenhac.com/download.php?m=1097393', 'chiasenhac', null, '2013-06-02', '2013-06-02');
INSERT INTO `song` VALUES ('278', 'Năm 2000 Của Chúng Em', 'http://download.chiasenhac.com/download.php?m=1097394', 'chiasenhac', null, '2013-06-02', '2013-06-02');
INSERT INTO `song` VALUES ('279', 'Ngày Đầu Tiên Đi Học', 'http://download.chiasenhac.com/download.php?m=1097395', 'chiasenhac', null, '2013-06-02', '2013-06-02');
INSERT INTO `song` VALUES ('280', 'Ngậm Ngùi', 'http://download.chiasenhac.com/download.php?m=1096553', 'chiasenhac', null, '2013-06-02', '2013-06-02');
INSERT INTO `song` VALUES ('281', 'Thuyền Viễn Xứ', 'http://download.chiasenhac.com/download.php?m=1096554', 'chiasenhac', null, '2013-06-02', '2013-06-02');
INSERT INTO `song` VALUES ('282', 'Hẹn Hò', 'http://download.chiasenhac.com/download.php?m=1096555', 'chiasenhac', null, '2013-06-02', '2013-06-02');
INSERT INTO `song` VALUES ('283', 'Tiếng Đàn Tôi', 'http://download.chiasenhac.com/download.php?m=1096556', 'chiasenhac', null, '2013-06-02', '2013-06-02');
INSERT INTO `song` VALUES ('284', 'Tình Hoài Hương', 'http://download.chiasenhac.com/download.php?m=1096557', 'chiasenhac', null, '2013-06-02', '2013-06-02');
INSERT INTO `song` VALUES ('285', 'Mùa Thu Chết', 'http://download.chiasenhac.com/download.php?m=1096558', 'chiasenhac', null, '2013-06-02', '2013-06-02');
INSERT INTO `song` VALUES ('286', 'Ngàn Năm Vẫn Không Quên', 'http://download.chiasenhac.com/download.php?m=1096559', 'chiasenhac', null, '2013-06-02', '2013-06-02');
INSERT INTO `song` VALUES ('287', 'Tôi Đang Mơ Giấc Mộng Dài', 'http://download.chiasenhac.com/download.php?m=1096560', 'chiasenhac', null, '2013-06-02', '2013-06-02');
INSERT INTO `song` VALUES ('288', 'Ngày Trở Về', 'http://download.chiasenhac.com/download.php?m=1096561', 'chiasenhac', null, '2013-06-02', '2013-06-02');
INSERT INTO `song` VALUES ('289', 'Pride', 'http://download.chiasenhac.com/download.php?m=1096057', 'chiasenhac', null, '2013-06-02', '2013-06-02');
INSERT INTO `song` VALUES ('290', 'No Man\'s Land', 'http://download.chiasenhac.com/download.php?m=1096058', 'chiasenhac', null, '2013-06-02', '2013-06-02');
INSERT INTO `song` VALUES ('291', 'To Love Someone Like You', 'http://download.chiasenhac.com/download.php?m=1096059', 'chiasenhac', null, '2013-06-02', '2013-06-02');
INSERT INTO `song` VALUES ('292', 'If I Knew Then', 'http://download.chiasenhac.com/download.php?m=1096060', 'chiasenhac', null, '2013-06-02', '2013-06-02');
INSERT INTO `song` VALUES ('293', 'Pull Me To Pieces', 'http://download.chiasenhac.com/download.php?m=1096061', 'chiasenhac', null, '2013-06-02', '2013-06-02');
INSERT INTO `song` VALUES ('294', 'Walk You Home', 'http://download.chiasenhac.com/download.php?m=1096062', 'chiasenhac', null, '2013-06-02', '2013-06-02');
INSERT INTO `song` VALUES ('295', 'If Loving You Is Wrong', 'http://download.chiasenhac.com/download.php?m=1096063', 'chiasenhac', null, '2013-06-02', '2013-06-02');
INSERT INTO `song` VALUES ('296', 'Something About You', 'http://download.chiasenhac.com/download.php?m=1096064', 'chiasenhac', null, '2013-06-02', '2013-06-02');
INSERT INTO `song` VALUES ('297', 'Stranger In The Room', 'http://download.chiasenhac.com/download.php?m=1096065', 'chiasenhac', null, '2013-06-02', '2013-06-02');
INSERT INTO `song` VALUES ('298', 'Keep On Waiting', 'http://download.chiasenhac.com/download.php?m=1096066', 'chiasenhac', null, '2013-06-02', '2013-06-02');
INSERT INTO `song` VALUES ('299', 'Deep Blue Sea', 'http://download.chiasenhac.com/download.php?m=1096067', 'chiasenhac', null, '2013-06-02', '2013-06-02');
INSERT INTO `song` VALUES ('300', 'I Put A Spell On You', 'http://download.chiasenhac.com/download.php?m=1096068', 'chiasenhac', null, '2013-06-02', '2013-06-02');
INSERT INTO `song` VALUES ('301', 'If I Knew Then (Acoustic Version) (Live)', 'http://download.chiasenhac.com/download.php?m=1096069', 'chiasenhac', null, '2013-06-02', '2013-06-02');
INSERT INTO `song` VALUES ('302', 'Pride (Acoustic Version) (Live)', 'http://download.chiasenhac.com/download.php?m=1096070', 'chiasenhac', null, '2013-06-02', '2013-06-02');
INSERT INTO `song` VALUES ('303', 'It\'s A Man\'s World (Acoustic Version) (Live)', 'http://download.chiasenhac.com/download.php?m=1096071', 'chiasenhac', null, '2013-06-02', '2013-06-02');
INSERT INTO `song` VALUES ('304', 'I Put A Spell On You (Acoustic Version) (Live)', 'http://download.chiasenhac.com/download.php?m=1096072', 'chiasenhac', null, '2013-06-02', '2013-06-02');
INSERT INTO `song` VALUES ('305', 'Vòng Quay Kỷ Niệm', 'http://download.chiasenhac.com/download.php?m=1097298', 'chiasenhac', null, '2013-06-02', '2013-06-02');
INSERT INTO `song` VALUES ('306', 'Chiếc Xích Đu Ngây Thơ', 'http://download.chiasenhac.com/download.php?m=1097299', 'chiasenhac', null, '2013-06-02', '2013-06-02');
INSERT INTO `song` VALUES ('307', 'Trăng Chiều', 'http://download.chiasenhac.com/download.php?m=1097300', 'chiasenhac', null, '2013-06-02', '2013-06-02');
INSERT INTO `song` VALUES ('308', 'Nếu Em Là Người Tình', 'http://download.chiasenhac.com/download.php?m=1097301', 'chiasenhac', null, '2013-06-02', '2013-06-02');
INSERT INTO `song` VALUES ('309', 'Lá Vàng Rơi', 'http://download.chiasenhac.com/download.php?m=1097302', 'chiasenhac', null, '2013-06-02', '2013-06-02');
INSERT INTO `song` VALUES ('310', 'Muộn Lối Về', 'http://download.chiasenhac.com/download.php?m=1097303', 'chiasenhac', null, '2013-06-02', '2013-06-02');
INSERT INTO `song` VALUES ('311', 'Cho Em Một Lối Về', 'http://download.chiasenhac.com/download.php?m=1097304', 'chiasenhac', null, '2013-06-02', '2013-06-02');
INSERT INTO `song` VALUES ('312', 'Người Về Đêm Mưa', 'http://download.chiasenhac.com/download.php?m=1097305', 'chiasenhac', null, '2013-06-02', '2013-06-02');
INSERT INTO `song` VALUES ('313', 'Thơ Ấu', 'http://download.chiasenhac.com/download.php?m=1097306', 'chiasenhac', null, '2013-06-02', '2013-06-02');
INSERT INTO `song` VALUES ('314', 'Gởi Lại', 'http://download.chiasenhac.com/download.php?m=1097307', 'chiasenhac', null, '2013-06-02', '2013-06-02');
INSERT INTO `song` VALUES ('315', 'Trái Tim Dịu Dàng', 'http://download.chiasenhac.com/download.php?m=1097308', 'chiasenhac', null, '2013-06-02', '2013-06-02');
INSERT INTO `song` VALUES ('316', 'Người Về Từ Lòng Đất', 'http://download.chiasenhac.com/download.php?m=1097286', 'chiasenhac', null, '2013-06-02', '2013-06-02');
INSERT INTO `song` VALUES ('317', 'Biển Cạn', 'http://download.chiasenhac.com/download.php?m=1097287', 'chiasenhac', null, '2013-06-02', '2013-06-02');
INSERT INTO `song` VALUES ('318', 'Em Đã Quên Một Dòng Sông', 'http://download.chiasenhac.com/download.php?m=1097288', 'chiasenhac', null, '2013-06-02', '2013-06-02');
INSERT INTO `song` VALUES ('319', 'Bên Trời Hiu Quạnh', 'http://download.chiasenhac.com/download.php?m=1097289', 'chiasenhac', null, '2013-06-02', '2013-06-02');
INSERT INTO `song` VALUES ('320', 'Chia Tay Tình Đầu', 'http://download.chiasenhac.com/download.php?m=1097290', 'chiasenhac', null, '2013-06-02', '2013-06-02');
INSERT INTO `song` VALUES ('321', 'Hãy Để Mưa Rơi', 'http://download.chiasenhac.com/download.php?m=1097291', 'chiasenhac', null, '2013-06-02', '2013-06-02');
INSERT INTO `song` VALUES ('322', 'Rừng Xưa Đã Khép', 'http://download.chiasenhac.com/download.php?m=1097292', 'chiasenhac', null, '2013-06-02', '2013-06-02');
INSERT INTO `song` VALUES ('323', 'Vẫn Hát Lời Tình Yêu', 'http://download.chiasenhac.com/download.php?m=1097293', 'chiasenhac', null, '2013-06-02', '2013-06-02');
INSERT INTO `song` VALUES ('324', 'Em Về Tinh Khôi', 'http://download.chiasenhac.com/download.php?m=1097294', 'chiasenhac', null, '2013-06-02', '2013-06-02');
INSERT INTO `song` VALUES ('325', 'Một Mình', 'http://download.chiasenhac.com/download.php?m=1097295', 'chiasenhac', null, '2013-06-02', '2013-06-02');
INSERT INTO `song` VALUES ('326', 'Người Về Từ Lòng Đất', 'http://download.chiasenhac.com/download.php?m=1097296', 'chiasenhac', null, '2013-06-02', '2013-06-02');
INSERT INTO `song` VALUES ('327', 'Biển Cạn', 'http://download.chiasenhac.com/download.php?m=1097297', 'chiasenhac', null, '2013-06-02', '2013-06-02');
INSERT INTO `song` VALUES ('328', 'We Own It (Fast And Furious)', 'http://download.chiasenhac.com/download.php?m=1095761', 'chiasenhac', null, '2013-06-02', '2013-06-02');
INSERT INTO `song` VALUES ('329', 'Ball', 'http://download.chiasenhac.com/download.php?m=1095762', 'chiasenhac', null, '2013-06-02', '2013-06-02');
INSERT INTO `song` VALUES ('330', 'Con Locura', 'http://download.chiasenhac.com/download.php?m=1095763', 'chiasenhac', null, '2013-06-02', '2013-06-02');
INSERT INTO `song` VALUES ('331', 'HK Superstar', 'http://download.chiasenhac.com/download.php?m=1095764', 'chiasenhac', null, '2013-06-02', '2013-06-02');
INSERT INTO `song` VALUES ('332', 'Failbait', 'http://download.chiasenhac.com/download.php?m=1095765', 'chiasenhac', null, '2013-06-02', '2013-06-02');
INSERT INTO `song` VALUES ('333', 'Bada Bing', 'http://download.chiasenhac.com/download.php?m=1095766', 'chiasenhac', null, '2013-06-02', '2013-06-02');
INSERT INTO `song` VALUES ('334', 'Burst! (Bart B More Remix)', 'http://download.chiasenhac.com/download.php?m=1095767', 'chiasenhac', null, '2013-06-02', '2013-06-02');
INSERT INTO `song` VALUES ('335', 'Mister Chicken', 'http://download.chiasenhac.com/download.php?m=1095768', 'chiasenhac', null, '2013-06-02', '2013-06-02');
INSERT INTO `song` VALUES ('336', 'Roll It Up', 'http://download.chiasenhac.com/download.php?m=1095769', 'chiasenhac', null, '2013-06-02', '2013-06-02');
INSERT INTO `song` VALUES ('337', 'Here We Go; Quasar (Hybrid Remix)', 'http://download.chiasenhac.com/download.php?m=1095770', 'chiasenhac', null, '2013-06-02', '2013-06-02');
INSERT INTO `song` VALUES ('338', 'Bandoleros', 'http://download.chiasenhac.com/download.php?m=1095771', 'chiasenhac', null, '2013-06-02', '2013-06-02');
INSERT INTO `song` VALUES ('339', 'Rest Of My Life', 'http://download.chiasenhac.com/download.php?m=1095772', 'chiasenhac', null, '2013-06-02', '2013-06-02');
INSERT INTO `song` VALUES ('340', 'Agua De Beber (Water To Drink)', 'http://download.chiasenhac.com/download.php?m=1095314', 'chiasenhac', null, '2013-06-02', '2013-06-02');
INSERT INTO `song` VALUES ('341', 'I Concentrate On You', 'http://download.chiasenhac.com/download.php?m=1095315', 'chiasenhac', null, '2013-06-02', '2013-06-02');
INSERT INTO `song` VALUES ('342', 'Speak Low', 'http://download.chiasenhac.com/download.php?m=1095316', 'chiasenhac', null, '2013-06-02', '2013-06-02');
INSERT INTO `song` VALUES ('343', 'Be Cool', 'http://download.chiasenhac.com/download.php?m=1095317', 'chiasenhac', null, '2013-06-02', '2013-06-02');
INSERT INTO `song` VALUES ('344', 'Matchmaker, Matchmaker', 'http://download.chiasenhac.com/download.php?m=1095318', 'chiasenhac', null, '2013-06-02', '2013-06-02');
INSERT INTO `song` VALUES ('345', 'Ochi Cherneye (Dark Eyes)', 'http://download.chiasenhac.com/download.php?m=1095319', 'chiasenhac', null, '2013-06-02', '2013-06-02');
INSERT INTO `song` VALUES ('346', '(It\'s Not Easy) Bein\' Green', 'http://download.chiasenhac.com/download.php?m=1095320', 'chiasenhac', null, '2013-06-02', '2013-06-02');
INSERT INTO `song` VALUES ('347', 'La Vie En Rose', 'http://download.chiasenhac.com/download.php?m=1095321', 'chiasenhac', null, '2013-06-02', '2013-06-02');
INSERT INTO `song` VALUES ('348', 'So Sorry', 'http://download.chiasenhac.com/download.php?m=1095322', 'chiasenhac', null, '2013-06-02', '2013-06-02');
INSERT INTO `song` VALUES ('349', 'Eli, Eli (A Walk To Caesarea)', 'http://download.chiasenhac.com/download.php?m=1095323', 'chiasenhac', null, '2013-06-02', '2013-06-02');
INSERT INTO `song` VALUES ('350', 'So Long, You Fool', 'http://download.chiasenhac.com/download.php?m=1095324', 'chiasenhac', null, '2013-06-02', '2013-06-02');
INSERT INTO `song` VALUES ('351', 'I Can’t Give You Anything But Love, Baby', 'http://download.chiasenhac.com/download.php?m=1095325', 'chiasenhac', null, '2013-06-02', '2013-06-02');
INSERT INTO `song` VALUES ('352', 'No More Blues', 'http://download.chiasenhac.com/download.php?m=1095326', 'chiasenhac', null, '2013-06-02', '2013-06-02');
INSERT INTO `song` VALUES ('353', 'Lời Giới Thiệu: Những Điều Thầy Chưa Kể', 'http://download.chiasenhac.com/download.php?m=1097263', 'chiasenhac', null, '2013-06-02', '2013-06-02');
INSERT INTO `song` VALUES ('354', 'Ngồi Lại Bên Nhau', 'http://download.chiasenhac.com/download.php?m=1097264', 'chiasenhac', null, '2013-06-02', '2013-06-02');
INSERT INTO `song` VALUES ('355', 'Mái Trường Mến Yêu', 'http://download.chiasenhac.com/download.php?m=1097265', 'chiasenhac', null, '2013-06-02', '2013-06-02');
INSERT INTO `song` VALUES ('356', 'Thời Gian Em Đi Học', 'http://download.chiasenhac.com/download.php?m=1097266', 'chiasenhac', null, '2013-06-02', '2013-06-02');
INSERT INTO `song` VALUES ('357', 'Những Điều Thầy Chưa Kể', 'http://download.chiasenhac.com/download.php?m=1097267', 'chiasenhac', null, '2013-06-02', '2013-06-02');
INSERT INTO `song` VALUES ('358', 'Mùa Hè Xanh', 'http://download.chiasenhac.com/download.php?m=1097268', 'chiasenhac', null, '2013-06-02', '2013-06-02');
INSERT INTO `song` VALUES ('359', 'Ơn Thầy', 'http://download.chiasenhac.com/download.php?m=1097269', 'chiasenhac', null, '2013-06-02', '2013-06-02');
INSERT INTO `song` VALUES ('360', 'Ngôi Trường Dấu Yêu', 'http://download.chiasenhac.com/download.php?m=1097270', 'chiasenhac', null, '2013-06-02', '2013-06-02');
INSERT INTO `song` VALUES ('361', 'Nhớ Ơn Thầy Cô', 'http://download.chiasenhac.com/download.php?m=1097271', 'chiasenhac', null, '2013-06-02', '2013-06-02');
INSERT INTO `song` VALUES ('362', 'Một Với Một', 'http://download.chiasenhac.com/download.php?m=1097272', 'chiasenhac', null, '2013-06-02', '2013-06-02');
INSERT INTO `song` VALUES ('363', 'Những Ngôi Sao Nhỏ', 'http://download.chiasenhac.com/download.php?m=1097273', 'chiasenhac', null, '2013-06-02', '2013-06-02');
INSERT INTO `song` VALUES ('364', 'Khung Trời Nhớ', 'http://download.chiasenhac.com/download.php?m=1097274', 'chiasenhac', null, '2013-06-02', '2013-06-02');
INSERT INTO `song` VALUES ('365', 'Quê Hương', 'http://download.chiasenhac.com/download.php?m=1096631', 'chiasenhac', null, '2013-06-02', '2013-06-02');
INSERT INTO `song` VALUES ('366', 'Giữa Mạc Tư Khoa Nghe Câu Hò Nghệ Tĩnh', 'http://download.chiasenhac.com/download.php?m=1096632', 'chiasenhac', null, '2013-06-02', '2013-06-02');
INSERT INTO `song` VALUES ('367', 'Thơ Tình Cuối Mùa Thu', 'http://download.chiasenhac.com/download.php?m=1096633', 'chiasenhac', null, '2013-06-02', '2013-06-02');
INSERT INTO `song` VALUES ('368', 'Những Cô Gái Đồng Bằng Sông Cửu Long', 'http://download.chiasenhac.com/download.php?m=1096634', 'chiasenhac', null, '2013-06-02', '2013-06-02');
INSERT INTO `song` VALUES ('369', 'Đất Mũi Cà Mau', 'http://download.chiasenhac.com/download.php?m=1096635', 'chiasenhac', null, '2013-06-02', '2013-06-02');
INSERT INTO `song` VALUES ('370', 'Sợi Nhớ Sợi Thương', 'http://download.chiasenhac.com/download.php?m=1096636', 'chiasenhac', null, '2013-06-02', '2013-06-02');
INSERT INTO `song` VALUES ('371', 'Quê Hương', 'http://download.chiasenhac.com/download.php?m=1096637', 'chiasenhac', null, '2013-06-02', '2013-06-02');
INSERT INTO `song` VALUES ('372', 'Dáng Đứng Bến Tre', 'http://download.chiasenhac.com/download.php?m=1096638', 'chiasenhac', null, '2013-06-02', '2013-06-02');
INSERT INTO `song` VALUES ('373', 'Tình Ca Mùa Xuân', 'http://download.chiasenhac.com/download.php?m=1096639', 'chiasenhac', null, '2013-06-02', '2013-06-02');
INSERT INTO `song` VALUES ('374', 'Rừng Chiều', 'http://download.chiasenhac.com/download.php?m=1096640', 'chiasenhac', null, '2013-06-02', '2013-06-02');
INSERT INTO `song` VALUES ('375', 'Huế Tình Yêu Của Tôi', 'http://download.chiasenhac.com/download.php?m=1096641', 'chiasenhac', null, '2013-06-02', '2013-06-02');
INSERT INTO `song` VALUES ('376', 'Release Me (Original Mix)', 'http://download.chiasenhac.com/download.php?m=1094713', 'chiasenhac', null, '2013-06-02', '2013-06-02');
INSERT INTO `song` VALUES ('377', 'Release Me (Getter Remix)', 'http://download.chiasenhac.com/download.php?m=1094714', 'chiasenhac', null, '2013-06-02', '2013-06-02');
INSERT INTO `song` VALUES ('378', 'Release Me (Must Die! Remix)', 'http://download.chiasenhac.com/download.php?m=1094715', 'chiasenhac', null, '2013-06-02', '2013-06-02');
INSERT INTO `song` VALUES ('379', 'Release Me (Protohype Remix)', 'http://download.chiasenhac.com/download.php?m=1094716', 'chiasenhac', null, '2013-06-02', '2013-06-02');
INSERT INTO `song` VALUES ('380', 'Release Me (Barron Remix)', 'http://download.chiasenhac.com/download.php?m=1094717', 'chiasenhac', null, '2013-06-02', '2013-06-02');
INSERT INTO `song` VALUES ('381', 'For Broken Words', 'http://download.chiasenhac.com/download.php?m=1094558', 'chiasenhac', null, '2013-06-02', '2013-06-02');
INSERT INTO `song` VALUES ('382', 'The Science Of Noise', 'http://download.chiasenhac.com/download.php?m=1094559', 'chiasenhac', null, '2013-06-02', '2013-06-02');
INSERT INTO `song` VALUES ('383', 'Uniformity', 'http://download.chiasenhac.com/download.php?m=1094560', 'chiasenhac', null, '2013-06-02', '2013-06-02');
INSERT INTO `song` VALUES ('384', 'The Silence In Between', 'http://download.chiasenhac.com/download.php?m=1094561', 'chiasenhac', null, '2013-06-02', '2013-06-02');
INSERT INTO `song` VALUES ('385', 'Apathetic', 'http://download.chiasenhac.com/download.php?m=1094562', 'chiasenhac', null, '2013-06-02', '2013-06-02');
INSERT INTO `song` VALUES ('386', 'What Only You Know', 'http://download.chiasenhac.com/download.php?m=1094563', 'chiasenhac', null, '2013-06-02', '2013-06-02');
INSERT INTO `song` VALUES ('387', 'Endtime Hearts', 'http://download.chiasenhac.com/download.php?m=1094564', 'chiasenhac', null, '2013-06-02', '2013-06-02');
INSERT INTO `song` VALUES ('388', 'State Of Trust', 'http://download.chiasenhac.com/download.php?m=1094565', 'chiasenhac', null, '2013-06-02', '2013-06-02');
INSERT INTO `song` VALUES ('389', 'Weight Of The End', 'http://download.chiasenhac.com/download.php?m=1094566', 'chiasenhac', null, '2013-06-02', '2013-06-02');
INSERT INTO `song` VALUES ('390', 'None Becoming', 'http://download.chiasenhac.com/download.php?m=1094567', 'chiasenhac', null, '2013-06-02', '2013-06-02');
INSERT INTO `song` VALUES ('391', 'Kalki', 'http://download.chiasenhac.com/download.php?m=1096502', 'chiasenhac', null, '2013-06-02', '2013-06-02');
INSERT INTO `song` VALUES ('392', 'Varuna', 'http://download.chiasenhac.com/download.php?m=1096503', 'chiasenhac', null, '2013-06-02', '2013-06-02');
INSERT INTO `song` VALUES ('393', 'Krosah', 'http://download.chiasenhac.com/download.php?m=1096504', 'chiasenhac', null, '2013-06-02', '2013-06-02');
INSERT INTO `song` VALUES ('394', 'Durga', 'http://download.chiasenhac.com/download.php?m=1096505', 'chiasenhac', null, '2013-06-02', '2013-06-02');
INSERT INTO `song` VALUES ('395', 'Manju', 'http://download.chiasenhac.com/download.php?m=1096506', 'chiasenhac', null, '2013-06-02', '2013-06-02');
INSERT INTO `song` VALUES ('396', 'Kuvera', 'http://download.chiasenhac.com/download.php?m=1096507', 'chiasenhac', null, '2013-06-02', '2013-06-02');
INSERT INTO `song` VALUES ('397', 'Ushas', 'http://download.chiasenhac.com/download.php?m=1096508', 'chiasenhac', null, '2013-06-02', '2013-06-02');
INSERT INTO `song` VALUES ('398', 'Lavanya', 'http://download.chiasenhac.com/download.php?m=1096509', 'chiasenhac', null, '2013-06-02', '2013-06-02');
INSERT INTO `song` VALUES ('399', 'Vishnu', 'http://download.chiasenhac.com/download.php?m=1096510', 'chiasenhac', null, '2013-06-02', '2013-06-02');
INSERT INTO `song` VALUES ('400', 'Indra', 'http://download.chiasenhac.com/download.php?m=1096511', 'chiasenhac', null, '2013-06-02', '2013-06-02');
INSERT INTO `song` VALUES ('401', 'Arise', 'http://download.chiasenhac.com/download.php?m=1096512', 'chiasenhac', null, '2013-06-02', '2013-06-02');
INSERT INTO `song` VALUES ('402', 'Saint Matthew Passion', 'http://download.chiasenhac.com/download.php?m=1096513', 'chiasenhac', null, '2013-06-02', '2013-06-02');
INSERT INTO `song` VALUES ('403', 'Krosah', 'http://download.chiasenhac.com/download.php?m=1096514', 'chiasenhac', null, '2013-06-02', '2013-06-02');
INSERT INTO `song` VALUES ('404', 'Anumati', 'http://download.chiasenhac.com/download.php?m=1096515', 'chiasenhac', null, '2013-06-02', '2013-06-02');
INSERT INTO `song` VALUES ('405', 'Moonlight Sonata', 'http://download.chiasenhac.com/download.php?m=1096516', 'chiasenhac', null, '2013-06-02', '2013-06-02');
INSERT INTO `song` VALUES ('406', 'Ashielf Pi', 'http://download.chiasenhac.com/download.php?m=1096487', 'chiasenhac', null, '2013-06-02', '2013-06-02');
INSERT INTO `song` VALUES ('407', 'Oraanu Pi', 'http://download.chiasenhac.com/download.php?m=1096488', 'chiasenhac', null, '2013-06-02', '2013-06-02');
INSERT INTO `song` VALUES ('408', 'Marunae Pi', 'http://download.chiasenhac.com/download.php?m=1096489', 'chiasenhac', null, '2013-06-02', '2013-06-02');
INSERT INTO `song` VALUES ('409', 'Mosane Pi', 'http://download.chiasenhac.com/download.php?m=1096490', 'chiasenhac', null, '2013-06-02', '2013-06-02');
INSERT INTO `song` VALUES ('410', 'Isunova Pi', 'http://download.chiasenhac.com/download.php?m=1096491', 'chiasenhac', null, '2013-06-02', '2013-06-02');
INSERT INTO `song` VALUES ('411', 'Nasivern Pi', 'http://download.chiasenhac.com/download.php?m=1096492', 'chiasenhac', null, '2013-06-02', '2013-06-02');
INSERT INTO `song` VALUES ('412', 'Selisona Pi', 'http://download.chiasenhac.com/download.php?m=1096493', 'chiasenhac', null, '2013-06-02', '2013-06-02');
INSERT INTO `song` VALUES ('413', 'Raptamei Pi', 'http://download.chiasenhac.com/download.php?m=1096494', 'chiasenhac', null, '2013-06-02', '2013-06-02');
INSERT INTO `song` VALUES ('414', 'Caarano Pi', 'http://download.chiasenhac.com/download.php?m=1096495', 'chiasenhac', null, '2013-06-02', '2013-06-02');
INSERT INTO `song` VALUES ('415', 'Nivaos Pi', 'http://download.chiasenhac.com/download.php?m=1096496', 'chiasenhac', null, '2013-06-02', '2013-06-02');
INSERT INTO `song` VALUES ('416', 'Sollente Pi', 'http://download.chiasenhac.com/download.php?m=1096497', 'chiasenhac', null, '2013-06-02', '2013-06-02');
INSERT INTO `song` VALUES ('417', 'Decifin Pi', 'http://download.chiasenhac.com/download.php?m=1096498', 'chiasenhac', null, '2013-06-02', '2013-06-02');
INSERT INTO `song` VALUES ('418', 'Vorrina Pi', 'http://download.chiasenhac.com/download.php?m=1096499', 'chiasenhac', null, '2013-06-02', '2013-06-02');
INSERT INTO `song` VALUES ('419', 'Nolitus Pi', 'http://download.chiasenhac.com/download.php?m=1096500', 'chiasenhac', null, '2013-06-02', '2013-06-02');
INSERT INTO `song` VALUES ('420', 'Odenall Pi', 'http://download.chiasenhac.com/download.php?m=1096501', 'chiasenhac', null, '2013-06-02', '2013-06-02');
INSERT INTO `song` VALUES ('421', 'Can We Love', 'http://download.chiasenhac.com/download.php?m=1092933', 'chiasenhac', null, '2013-06-02', '2013-06-02');
INSERT INTO `song` VALUES ('422', 'Can We Love (Inst.)', 'http://download.chiasenhac.com/download.php?m=1092934', 'chiasenhac', null, '2013-06-02', '2013-06-02');
INSERT INTO `song` VALUES ('423', 'Countryside Life', 'http://download.chiasenhac.com/download.php?m=1092935', 'chiasenhac', null, '2013-06-02', '2013-06-02');
INSERT INTO `song` VALUES ('424', 'Countryside Life (Electronic)', 'http://download.chiasenhac.com/download.php?m=1092936', 'chiasenhac', null, '2013-06-02', '2013-06-02');
INSERT INTO `song` VALUES ('425', 'Countryside Life (MR Ver.)', 'http://download.chiasenhac.com/download.php?m=1092937', 'chiasenhac', null, '2013-06-02', '2013-06-02');
INSERT INTO `song` VALUES ('426', 'Countryside Life', 'http://download.chiasenhac.com/download.php?m=1094403', 'chiasenhac', null, '2013-06-02', '2013-06-02');
INSERT INTO `song` VALUES ('427', 'Can We Love', 'http://download.chiasenhac.com/download.php?m=1094404', 'chiasenhac', null, '2013-06-02', '2013-06-02');
INSERT INTO `song` VALUES ('428', 'Countryside Life (Electronic Version)', 'http://download.chiasenhac.com/download.php?m=1094405', 'chiasenhac', null, '2013-06-02', '2013-06-02');
INSERT INTO `song` VALUES ('429', 'Countryside Life (Mr Version)', 'http://download.chiasenhac.com/download.php?m=1094406', 'chiasenhac', null, '2013-06-02', '2013-06-02');
INSERT INTO `song` VALUES ('430', 'Can We Love', 'http://download.chiasenhac.com/download.php?m=1094407', 'chiasenhac', null, '2013-06-02', '2013-06-02');
INSERT INTO `song` VALUES ('431', 'Sẽ Thôi Chờ Mong', 'http://download.chiasenhac.com/download.php?m=1094190', 'chiasenhac', null, '2013-06-02', '2013-06-02');
INSERT INTO `song` VALUES ('432', 'Chờ Ngày Nắng Lên', 'http://download.chiasenhac.com/download.php?m=1094191', 'chiasenhac', null, '2013-06-02', '2013-06-02');
INSERT INTO `song` VALUES ('433', 'Chợt Nghe Bước Em Về', 'http://download.chiasenhac.com/download.php?m=1094192', 'chiasenhac', null, '2013-06-02', '2013-06-02');
INSERT INTO `song` VALUES ('434', 'Cơn Mưa Chiều Nay', 'http://download.chiasenhac.com/download.php?m=1094193', 'chiasenhac', null, '2013-06-02', '2013-06-02');
INSERT INTO `song` VALUES ('435', 'Lời Xin Lỗi', 'http://download.chiasenhac.com/download.php?m=1094194', 'chiasenhac', null, '2013-06-02', '2013-06-02');
INSERT INTO `song` VALUES ('436', 'Làm Sao Buông Tay!', 'http://download.chiasenhac.com/download.php?m=91866', 'chiasenhac', null, '2013-06-02', '2013-06-02');
INSERT INTO `song` VALUES ('437', 'Crazy Kids!', 'http://download.chiasenhac.com/download.php?m=1096114', 'chiasenhac', null, '2013-06-02', '2013-06-02');
INSERT INTO `song` VALUES ('438', 'Cô Hàng Xóm!', 'http://download.chiasenhac.com/download.php?m=1034592', 'chiasenhac', null, '2013-06-02', '2013-06-02');
INSERT INTO `song` VALUES ('439', 'Quê Hương Việt Nam!', 'http://download.chiasenhac.com/download.php?m=1094499', 'chiasenhac', null, '2013-06-02', '2013-06-02');
INSERT INTO `song` VALUES ('440', 'Yesterday Once More!', 'http://download.chiasenhac.com/download.php?m=1006606', 'chiasenhac', null, '2013-06-02', '2013-06-02');
INSERT INTO `song` VALUES ('441', 'Tình Đẹp Như Mơ!', 'http://download.chiasenhac.com/download.php?m=1034965', 'chiasenhac', null, '2013-06-02', '2013-06-02');
INSERT INTO `song` VALUES ('442', 'The Day You Went Away!', 'http://download.chiasenhac.com/download.php?m=1001817', 'chiasenhac', null, '2013-06-02', '2013-06-02');
INSERT INTO `song` VALUES ('443', 'Người Đứng Sau Hạnh Phúc!', 'http://download.chiasenhac.com/download.php?m=88832', 'chiasenhac', null, '2013-06-02', '2013-06-02');
INSERT INTO `song` VALUES ('444', 'When I\'m Gone (Acoustic version)!', 'http://download.chiasenhac.com/download.php?m=1064295', 'chiasenhac', null, '2013-06-02', '2013-06-02');
INSERT INTO `song` VALUES ('445', 'Làm Sao Biết Được!', 'http://download.chiasenhac.com/download.php?m=1033339', 'chiasenhac', null, '2013-06-02', '2013-06-02');
INSERT INTO `song` VALUES ('446', 'Never Again!', 'http://download.chiasenhac.com/download.php?m=1054704', 'chiasenhac', null, '2013-06-02', '2013-06-02');
INSERT INTO `song` VALUES ('447', 'Until You!', 'http://download.chiasenhac.com/download.php?m=1001808', 'chiasenhac', null, '2013-06-02', '2013-06-02');
INSERT INTO `song` VALUES ('448', 'Shen Shi Zhi Mi!', 'http://download.chiasenhac.com/download.php?m=342839', 'chiasenhac', null, '2013-06-02', '2013-06-02');
INSERT INTO `song` VALUES ('449', 'Chiếc Lá Đầu Tiên!', 'http://download.chiasenhac.com/download.php?m=1011425', 'chiasenhac', null, '2013-06-02', '2013-06-02');
INSERT INTO `song` VALUES ('450', 'Định Mệnh!', 'http://download.chiasenhac.com/download.php?m=362991', 'chiasenhac', null, '2013-06-02', '2013-06-02');
INSERT INTO `song` VALUES ('451', 'Behind The Invisible (Dusted Remix)!', 'http://download.chiasenhac.com/download.php?m=1097556', 'chiasenhac', null, '2013-06-02', '2013-06-02');
INSERT INTO `song` VALUES ('452', 'Voyageur (Dusted Remix)!', 'http://download.chiasenhac.com/download.php?m=1097555', 'chiasenhac', null, '2013-06-02', '2013-06-02');
INSERT INTO `song` VALUES ('453', 'Sadeness Part 1 (Dusted Remix)!', 'http://download.chiasenhac.com/download.php?m=1097554', 'chiasenhac', null, '2013-06-02', '2013-06-02');
INSERT INTO `song` VALUES ('454', 'Aston Martin Music!', 'http://download.chiasenhac.com/download.php?m=1097547', 'chiasenhac', null, '2013-06-02', '2013-06-02');
INSERT INTO `song` VALUES ('455', 'Melt!', 'http://download.chiasenhac.com/download.php?m=1097083', 'chiasenhac', null, '2013-06-02', '2013-06-02');
INSERT INTO `song` VALUES ('456', 'Regret Message - リグレットメッセージ!', 'http://download.chiasenhac.com/download.php?m=1097262', 'chiasenhac', null, '2013-06-02', '2013-06-02');
INSERT INTO `song` VALUES ('457', 'Kokoro!', 'http://download.chiasenhac.com/download.php?m=1096915', 'chiasenhac', null, '2013-06-02', '2013-06-02');
INSERT INTO `song` VALUES ('458', 'Regret Message (リグレットメッセージ)!', 'http://download.chiasenhac.com/download.php?m=1096971', 'chiasenhac', null, '2013-06-02', '2013-06-02');
INSERT INTO `song` VALUES ('459', 'Melt!', 'http://download.chiasenhac.com/download.php?m=1097072', 'chiasenhac', null, '2013-06-02', '2013-06-02');
INSERT INTO `song` VALUES ('460', 'Melancholic!', 'http://download.chiasenhac.com/download.php?m=1096916', 'chiasenhac', null, '2013-06-02', '2013-06-02');
INSERT INTO `song` VALUES ('461', 'Return To Innocence!', 'http://download.chiasenhac.com/download.php?m=1097358', 'chiasenhac', null, '2013-06-02', '2013-06-02');
INSERT INTO `song` VALUES ('462', 'The Eyes Of Truth!', 'http://download.chiasenhac.com/download.php?m=1097357', 'chiasenhac', null, '2013-06-02', '2013-06-02');
INSERT INTO `song` VALUES ('463', 'Chiều Cuối Tuần!', 'http://download.chiasenhac.com/download.php?m=1097478', 'chiasenhac', null, '2013-06-02', '2013-06-02');
INSERT INTO `song` VALUES ('464', 'Millions (Explicit)!', 'http://download.chiasenhac.com/download.php?m=1097528', 'chiasenhac', null, '2013-06-02', '2013-06-02');
INSERT INTO `song` VALUES ('465', 'Bullet Train!', 'http://download.chiasenhac.com/download.php?m=1097521', 'chiasenhac', null, '2013-06-02', '2013-06-02');
INSERT INTO `song` VALUES ('466', '美人肩 - Sánh Vai Cùng Mỹ Nhân!', 'http://download.chiasenhac.com/download.php?m=1096768', 'chiasenhac', null, '2013-06-02', '2013-06-02');
INSERT INTO `song` VALUES ('467', 'Hoa Tím Người Xưa!', 'http://download.chiasenhac.com/download.php?m=1059995', 'chiasenhac', null, '2013-06-02', '2013-06-02');
INSERT INTO `song` VALUES ('468', 'Love The Way You Lie (Part II)', 'http://download.chiasenhac.com/download.php?m=1003112', 'chiasenhac', null, '2013-06-02', '2013-06-02');
INSERT INTO `song` VALUES ('469', 'Pretty Boy', 'http://download.chiasenhac.com/download.php?m=1001820', 'chiasenhac', null, '2013-06-02', '2013-06-02');
INSERT INTO `song` VALUES ('470', 'Yesterday Once More', 'http://download.chiasenhac.com/download.php?m=1006496', 'chiasenhac', null, '2013-06-02', '2013-06-02');
INSERT INTO `song` VALUES ('471', 'I Like It', 'http://download.chiasenhac.com/download.php?m=1003850', 'chiasenhac', null, '2013-06-02', '2013-06-02');
INSERT INTO `song` VALUES ('472', '25 Minutes', 'http://download.chiasenhac.com/download.php?m=1000954', 'chiasenhac', null, '2013-06-02', '2013-06-02');
INSERT INTO `song` VALUES ('473', 'Just Give Me A Reason', 'http://download.chiasenhac.com/download.php?m=1061632', 'chiasenhac', null, '2013-06-02', '2013-06-02');
INSERT INTO `song` VALUES ('474', 'Hero', 'http://download.chiasenhac.com/download.php?m=1000919', 'chiasenhac', null, '2013-06-02', '2013-06-02');
INSERT INTO `song` VALUES ('475', 'One More Night', 'http://download.chiasenhac.com/download.php?m=1007207', 'chiasenhac', null, '2013-06-02', '2013-06-02');
INSERT INTO `song` VALUES ('476', 'Nothing\'s Gonna Change My Love For You', 'http://download.chiasenhac.com/download.php?m=1009823', 'chiasenhac', null, '2013-06-02', '2013-06-02');
INSERT INTO `song` VALUES ('477', 'My Love', 'http://download.chiasenhac.com/download.php?m=1001338', 'chiasenhac', null, '2013-06-02', '2013-06-02');
INSERT INTO `song` VALUES ('478', 'Mirrors', 'http://download.chiasenhac.com/download.php?m=1066903', 'chiasenhac', null, '2013-06-02', '2013-06-02');
INSERT INTO `song` VALUES ('479', 'Love Somebody', 'http://download.chiasenhac.com/download.php?m=1007213', 'chiasenhac', null, '2013-06-02', '2013-06-02');
INSERT INTO `song` VALUES ('480', 'Heart Attack', 'http://download.chiasenhac.com/download.php?m=1091052', 'chiasenhac', null, '2013-06-02', '2013-06-02');
INSERT INTO `song` VALUES ('481', 'Come & Get It', 'http://download.chiasenhac.com/download.php?m=1080775', 'chiasenhac', null, '2013-06-02', '2013-06-02');
INSERT INTO `song` VALUES ('482', 'Speak Now', 'http://download.chiasenhac.com/download.php?m=1060962', 'chiasenhac', null, '2013-06-02', '2013-06-02');
INSERT INTO `song` VALUES ('483', 'I Lay My Love On You', 'http://download.chiasenhac.com/download.php?m=1003982', 'chiasenhac', null, '2013-06-02', '2013-06-02');
INSERT INTO `song` VALUES ('484', 'Payphone', 'http://download.chiasenhac.com/download.php?m=1007208', 'chiasenhac', null, '2013-06-02', '2013-06-02');
INSERT INTO `song` VALUES ('485', 'Daylight', 'http://download.chiasenhac.com/download.php?m=1007209', 'chiasenhac', null, '2013-06-02', '2013-06-02');
INSERT INTO `song` VALUES ('486', 'Điều Đó Không Dễ Dàng', 'http://download.chiasenhac.com/download.php?m=1096517', 'chiasenhac', null, '2013-06-02', '2013-06-02');
INSERT INTO `song` VALUES ('487', 'Nghĩ Lại (Version 1)', 'http://download.chiasenhac.com/download.php?m=1096518', 'chiasenhac', null, '2013-06-02', '2013-06-02');
INSERT INTO `song` VALUES ('488', 'Nghĩ Lại (Version 2)', 'http://download.chiasenhac.com/download.php?m=1097195', 'chiasenhac', null, '2013-06-02', '2013-06-02');
INSERT INTO `song` VALUES ('489', 'Bài Không Tên Số 4!', 'http://download.chiasenhac.com/download.php?m=1001429', 'chiasenhac', null, '2013-06-02', '2013-06-02');
INSERT INTO `song` VALUES ('490', 'That XX!', 'http://download.chiasenhac.com/download.php?m=1029025', 'chiasenhac', null, '2013-06-02', '2013-06-02');
INSERT INTO `song` VALUES ('491', 'Đưa Em Vào Hạ!', 'http://download.chiasenhac.com/download.php?m=1049060', 'chiasenhac', null, '2013-06-02', '2013-06-02');
INSERT INTO `song` VALUES ('492', 'Một Người Đi Xa!', 'http://download.chiasenhac.com/download.php?m=1043489', 'chiasenhac', null, '2013-06-02', '2013-06-02');
INSERT INTO `song` VALUES ('493', 'Nhỏ!', 'http://download.chiasenhac.com/download.php?m=31961', 'chiasenhac', null, '2013-06-02', '2013-06-02');
INSERT INTO `song` VALUES ('494', 'Đời Phong Ba!', 'http://download.chiasenhac.com/download.php?m=1080875', 'chiasenhac', null, '2013-06-02', '2013-06-02');
INSERT INTO `song` VALUES ('495', 'Nếu Chúng Mình Cách Trở!', 'http://download.chiasenhac.com/download.php?m=1041719', 'chiasenhac', null, '2013-06-02', '2013-06-02');
INSERT INTO `song` VALUES ('496', 'Mưa Rừng!', 'http://download.chiasenhac.com/download.php?m=1015582', 'chiasenhac', null, '2013-06-02', '2013-06-02');
INSERT INTO `song` VALUES ('497', 'Wolf (Chinese Version)', 'http://download.chiasenhac.com/download.php?m=1096564', 'chiasenhac', null, '2013-06-02', '2013-06-02');
INSERT INTO `song` VALUES ('498', 'Lặng Thầm Yêu', 'http://download.chiasenhac.com/download.php?m=1092110', 'chiasenhac', null, '2013-06-02', '2013-06-02');
INSERT INTO `song` VALUES ('499', 'Sầu Tím Thiệp Hồng', 'http://download.chiasenhac.com/download.php?m=1049724', 'chiasenhac', null, '2013-06-02', '2013-06-02');
INSERT INTO `song` VALUES ('500', 'Countryside Life (Dance Version)', 'http://download.chiasenhac.com/download.php?m=1087387', 'chiasenhac', null, '2013-06-02', '2013-06-02');
INSERT INTO `song` VALUES ('501', 'Chờ Người Nơi Ấy', 'http://download.chiasenhac.com/download.php?m=1065044', 'chiasenhac', null, '2013-06-02', '2013-06-02');
INSERT INTO `song` VALUES ('502', 'Tạm Biệt Nhé', 'http://download.chiasenhac.com/download.php?m=1061573', 'chiasenhac', null, '2013-06-02', '2013-06-02');
INSERT INTO `song` VALUES ('503', 'Chờ Ngày Mưa Tan', 'http://download.chiasenhac.com/download.php?m=1078271', 'chiasenhac', null, '2013-06-02', '2013-06-02');
INSERT INTO `song` VALUES ('504', 'Liên Khúc Nhạc Dance', 'http://download.chiasenhac.com/download.php?m=1048933', 'chiasenhac', null, '2013-06-02', '2013-06-02');
INSERT INTO `song` VALUES ('505', 'Giả Vờ Nhưng Em Yêu Anh', 'http://download.chiasenhac.com/download.php?m=94018', 'chiasenhac', null, '2013-06-02', '2013-06-02');
INSERT INTO `song` VALUES ('506', 'Chuyện Tình Trên Facebook', 'http://download.chiasenhac.com/download.php?m=94068', 'chiasenhac', null, '2013-06-02', '2013-06-02');
INSERT INTO `song` VALUES ('507', 'Tiểu Thư Cá Tính', 'http://download.chiasenhac.com/download.php?m=93626', 'chiasenhac', null, '2013-06-02', '2013-06-02');
INSERT INTO `song` VALUES ('508', 'Xa', 'http://download.chiasenhac.com/download.php?m=91633', 'chiasenhac', null, '2013-06-02', '2013-06-02');
INSERT INTO `song` VALUES ('509', 'Anh Rất Yêu Em', 'http://download.chiasenhac.com/download.php?m=94326', 'chiasenhac', null, '2013-06-02', '2013-06-02');
INSERT INTO `song` VALUES ('510', 'Tạm Biệt Nhé', 'http://download.chiasenhac.com/download.php?m=1026110', 'chiasenhac', null, '2013-06-02', '2013-06-02');
INSERT INTO `song` VALUES ('511', 'Hoang Mang Style', 'http://download.chiasenhac.com/download.php?m=1065659', 'chiasenhac', null, '2013-06-02', '2013-06-02');
INSERT INTO `song` VALUES ('512', 'Nếu Như Không Thể Nói Nếu Như', 'http://download.chiasenhac.com/download.php?m=93110', 'chiasenhac', null, '2013-06-02', '2013-06-02');
INSERT INTO `song` VALUES ('513', 'Anh Sẽ Tập Quên', 'http://download.chiasenhac.com/download.php?m=1080603', 'chiasenhac', null, '2013-06-02', '2013-06-02');
